year,month,day,airline,origin_airport,stop_over_airport,destination_airport,origin_departure_delay,stop_over_arival_time,stop_over_arrival_delay,stop_over_departure_time,stop_over_departure_delay,destination_arrival_delay
2015,12,15,AA,SFO,ORD,JFK,-6,1100,-17,1236,-4,-31
2015,12,15,AA,SFO,ORD,JFK,-3,1555,-14,1830,-5,-23
2015,12,15,B6,SFO,FLL,JFK,-2,1827,-13,2038,48,33
2015,12,15,B6,SFO,FLL,JFK,-2,1827,-13,1936,87,73
2015,12,15,AA,SFO,ORD,JFK,-6,1727,-12,1830,-5,-23
2015,12,15,B6,SFO,FLL,JFK,-1,652,-8,828,0,2
2015,12,16,AA,SFO,MIA,JFK,2,1455,-13,1650,-5,-7
2015,12,16,AA,SFO,LAX,JFK,0,1140,2,1423,8,19
2015,12,16,AA,SFO,LAX,JFK,0,1140,2,1311,-4,-19
2015,12,16,AA,SFO,LAX,JFK,-3,1953,-6,2233,3,-27
2015,12,16,AA,SFO,LAX,JFK,-3,1953,-6,2124,-6,-14
2015,12,16,AA,SFO,LAX,JFK,-3,2052,-9,2327,-3,-12
2015,12,16,AA,SFO,LAX,JFK,-3,2052,-9,2233,3,-27
2015,12,16,AA,SFO,LAX,JFK,-4,2147,-14,2327,-3,-12
2015,12,18,B6,SFO,LAS,JFK,-6,936,3,1214,6,-5
2015,12,18,B6,SFO,LAS,JFK,61,1949,53,2136,1,-11
2015,12,19,DL,SFO,DTW,JFK,10,1835,-31,1959,29,30
2015,12,19,DL,SFO,DTW,JFK,3,621,-12,859,24,23
2015,12,28,B6,SFO,BOS,JFK,-5,1628,-1,1842,1,-3
2015,12,28,B6,SFO,BOS,JFK,-10,538,-10,729,6,-1
2015,12,29,AA,SFO,CLT,JFK,-1,802,-3,921,6,2
2015,12,29,AA,SFO,CLT,JFK,-3,1907,-5,2101,51,49
2015,12,29,AA,SFO,CLT,JFK,-3,2109,-1,2221,7,19
2015,12,29,AA,SFO,CLT,JFK,-2,553,-19,803,33,29
2015,12,31,AA,SFO,DFW,JFK,5,1026,-19,1149,-1,-32
2015,12,31,AA,SFO,DFW,JFK,-4,1515,-30,1656,1,-10
2015,12,8,AA,SFO,MIA,JFK,-1,1508,0,1657,2,-10
2015,12,8,AA,SFO,LAX,JFK,-7,804,-28,1036,-4,-13
2015,12,8,AA,SFO,LAX,JFK,14,1140,2,1412,-3,-10
2015,12,8,AA,SFO,LAX,JFK,14,1140,2,1337,22,23
2015,12,8,AA,SFO,LAX,JFK,34,1635,36,1758,73,60
2015,12,8,AA,SFO,LAX,JFK,-3,1954,-5,2221,-9,-20
2015,12,8,AA,SFO,LAX,JFK,-3,1954,-5,2128,-2,9
2015,12,8,AA,SFO,LAX,JFK,-5,2048,-13,2324,-6,-2
2015,12,8,AA,SFO,LAX,JFK,-5,2048,-13,2221,-9,-20
2015,12,8,AA,SFO,LAX,JFK,-8,2145,-16,2324,-6,-2
2015,12,10,AA,SFO,ORD,JFK,-4,1047,-30,1240,0,-10
2015,12,10,AA,SFO,ORD,JFK,-3,1531,-38,1828,-7,-14
2015,12,10,B6,SFO,FLL,JFK,55,1947,67,2110,5,-5
2015,12,10,AA,SFO,ORD,JFK,-1,1655,-44,1828,-7,-14
2015,12,10,B6,SFO,LAS,JFK,45,1940,41,2153,-2,-27
2015,12,11,DL,SFO,ATL,JFK,-1,1311,-20,1442,2,-1
2015,12,11,DL,SFO,ATL,JFK,5,1505,-12,1735,0,-2
2015,12,11,DL,SFO,ATL,JFK,2,1608,-27,1735,0,-2
2015,12,11,AA,SFO,LAX,JFK,62,1249,71,1437,22,7
2015,12,11,DL,SFO,ATL,JFK,1,1924,-19,2043,-2,7
2015,12,11,AA,SFO,LAX,JFK,3,1957,-2,2228,-2,-15
2015,12,11,AA,SFO,LAX,JFK,3,1957,-2,2129,-1,-17
2015,12,11,AA,SFO,LAX,JFK,6,2200,-1,2329,-1,-15
2015,12,11,DL,SFO,ATL,JFK,6,633,11,810,0,5
2015,12,13,B6,SFO,LAS,JFK,-5,841,-29,1140,-5,-17
2015,12,14,DL,SFO,ATL,JFK,0,1318,-13,1542,62,73
2015,12,27,AA,SFO,CLT,JFK,22,1959,47,2228,14,6
2015,12,27,AA,SFO,CLT,JFK,1,2128,18,2228,14,6
2015,12,27,B6,SFO,LGB,JFK,45,2115,37,2330,130,125
2015,12,27,AA,SFO,CLT,JFK,5,640,28,917,2,24
2015,12,29,VX,SFO,LAX,JFK,-3,909,-11,1128,48,16
2015,12,29,AA,SFO,DFW,JFK,-2,1523,-22,1657,2,-24
2015,12,29,VX,SFO,LAX,JFK,2,1237,-8,1345,5,-11
2015,12,29,VX,SFO,LAX,JFK,3,1412,-3,1553,3,-22
2015,12,29,VX,SFO,LAX,JFK,39,1940,35,2149,14,-9
2015,12,29,AS,SFO,SEA,JFK,-6,1959,-15,2133,3,-17
2015,12,29,VX,SFO,LAX,JFK,-1,1940,-10,2149,14,-9
2015,12,29,VX,SFO,LAX,JFK,-3,2054,4,2341,31,7
2015,12,29,VX,SFO,LAX,JFK,11,2232,22,2341,31,7
2015,12,16,DL,SFO,LAX,JFK,0,940,5,1150,20,11
2015,12,16,DL,SFO,LAX,JFK,9,1107,37,1405,0,-18
2015,12,16,DL,SFO,LAX,JFK,-2,1240,15,1405,0,-18
2015,12,16,DL,SFO,LAX,JFK,39,1349,29,1555,-5,-36
2015,12,16,DL,SFO,LAX,JFK,5,2023,-7,2254,-1,-28
2015,12,16,DL,SFO,LAX,JFK,5,2023,-7,2129,-1,-26
2015,12,17,B6,SFO,BOS,JFK,16,541,1,742,-5,-8
2015,12,18,AA,SFO,ORD,JFK,0,1113,-4,1236,-4,-7
2015,12,18,AA,SFO,ORD,JFK,16,1612,3,1829,-6,49
2015,12,19,AA,SFO,PHX,JFK,0,851,-7,1033,33,1
2015,12,19,AA,SFO,PHX,JFK,-2,1206,-4,1332,2,-14
2015,12,19,AA,SFO,PHX,JFK,-4,1503,0,1637,-3,-26
2015,12,19,AA,SFO,PHX,JFK,-3,1954,-9,2230,0,-20
2015,12,21,B6,SFO,LAS,JFK,-1,938,5,1207,-1,-9
2015,12,21,B6,SFO,FLL,JFK,306,1123,300,1409,42,36
2015,12,27,AA,SFO,LAX,JFK,0,745,-16,1035,-5,0
2015,12,27,AA,SFO,LAX,JFK,0,745,-16,910,10,0
2015,12,27,AA,SFO,MIA,JFK,45,1517,19,1724,30,37
2015,12,27,AA,SFO,MIA,JFK,9,2046,4,2226,117,100
2015,12,27,VX,SFO,LAS,JFK,121,2202,117,2309,59,75
2015,12,27,AA,SFO,LAX,JFK,-4,2001,-13,2237,7,-4
2015,12,27,AA,SFO,LAX,JFK,-4,2001,-13,2127,-3,-11
2015,12,27,AA,SFO,MIA,JFK,40,612,24,854,-1,-18
2015,12,29,B6,SFO,LAS,JFK,2,923,-10,1214,6,-8
2015,12,29,B6,SFO,LAS,JFK,10,1857,1,2141,6,-15
2015,12,30,DL,SFO,ATL,JFK,14,1353,5,1543,58,41
2015,12,30,DL,SFO,ATL,JFK,3,1916,-32,2112,27,8
2015,12,30,DL,SFO,ATL,JFK,3,1916,-32,2032,172,148
2015,12,30,DL,SFO,ATL,JFK,5,611,-11,839,14,-3
2015,12,7,B6,SFO,BOS,JFK,26,612,32,746,-1,-5
2015,12,8,AA,SFO,CLT,JFK,-9,744,-21,912,-3,-16
2015,12,8,AA,SFO,CLT,JFK,-10,1906,-6,2010,0,1
2015,12,8,AA,SFO,CLT,JFK,-5,603,-9,726,-4,-16
2015,12,11,AA,SFO,CLT,JFK,13,746,-19,916,1,-2
2015,12,11,AA,SFO,CLT,JFK,-9,1850,-22,2009,-1,15
2015,12,11,AA,SFO,CLT,JFK,-3,2109,-1,2212,-2,1
2015,12,13,AA,SFO,DFW,JFK,-5,1025,-20,1155,5,-1
2015,12,13,VX,SFO,LAX,JFK,-3,921,1,1209,89,62
2015,12,13,VX,SFO,LAX,JFK,54,1335,50,1557,7,11
2015,12,13,VX,SFO,LAX,JFK,54,1335,50,1444,64,42
2015,12,13,AS,SFO,SEA,JFK,11,1849,9,2127,-3,-18
2015,12,13,VX,SFO,LAX,JFK,109,2113,138,2331,21,15
2015,12,13,AS,SFO,SEA,JFK,-12,2012,-2,2127,-3,-18
2015,12,13,VX,SFO,LAX,JFK,13,2052,47,2331,21,15
2015,12,13,VX,SFO,LAX,JFK,29,2139,49,2331,21,15
2015,12,13,B6,SFO,BOS,JFK,-6,1620,-10,1844,3,3
2015,12,28,DL,SFO,LAX,JFK,-1,717,-13,846,6,-31
2015,12,28,DL,SFO,LAX,JFK,-2,922,-13,1129,-1,-11
2015,12,28,DL,SFO,LAX,JFK,-4,1129,9,1405,-5,16
2015,12,28,DL,SFO,LAX,JFK,-4,1129,9,1259,-1,-33
2015,12,28,DL,SFO,LAX,JFK,13,1348,28,1625,0,-12
2015,12,28,DL,SFO,LAX,JFK,28,1942,12,2129,-1,-26
2015,12,1,DL,SFO,LAX,JFK,-3,938,6,1139,9,-15
2015,12,1,DL,SFO,LAX,JFK,13,1226,1,1412,7,-23
2015,12,1,DL,SFO,LAX,JFK,-3,1309,-11,1557,-3,-6
2015,12,1,DL,SFO,LAX,JFK,-3,1309,-11,1412,7,-23
2015,12,1,DL,SFO,LAX,JFK,-4,2011,-19,2253,-2,-15
2015,12,1,DL,SFO,LAX,JFK,-4,2011,-19,2131,1,-26
2015,12,1,DL,SFO,LAX,JFK,-1,2128,1,2253,-2,-15
2015,12,7,B6,SFO,BOS,JFK,5,1648,18,1946,-6,-13
2015,12,7,B6,SFO,BOS,JFK,5,1648,18,1843,2,1
2015,12,10,B6,SFO,BOS,JFK,-6,1604,-26,1842,1,-17
2015,12,10,B6,SFO,BOS,JFK,29,600,20,744,-3,-2
2015,12,8,VX,SFO,LAX,JFK,3,816,-4,1054,14,15
2015,12,8,VX,SFO,LAX,JFK,-4,910,-10,1054,14,15
2015,12,8,VX,SFO,LAX,JFK,-7,1235,-10,1336,-4,5
2015,12,8,VX,SFO,LAX,JFK,-8,1355,-20,1547,-3,20
2015,12,8,AS,SFO,SEA,JFK,30,2052,38,2157,27,-6
2015,12,8,VX,SFO,LAX,JFK,0,2018,13,2309,-1,0
2015,12,8,VX,SFO,LAX,JFK,-5,2041,-9,2309,-1,0
2015,12,11,AA,SFO,MIA,JFK,0,1452,-16,1649,-6,15
2015,12,11,VX,SFO,LAS,JFK,2,2035,25,2206,-4,-35
2015,12,13,B6,SFO,FLL,JFK,206,1028,208,1322,-3,-15
2015,12,14,AA,SFO,MIA,JFK,-3,1457,-11,1730,35,34
2015,12,14,AA,SFO,LAX,JFK,-8,817,-15,1035,-5,-22
2015,12,14,AA,SFO,LAX,JFK,-14,1952,-7,2228,-2,-40
2015,12,14,AA,SFO,LAX,JFK,-14,1952,-7,2145,15,6
2015,12,14,AA,SFO,LAX,JFK,-6,2120,19,2228,-2,-40
2015,12,17,DL,SFO,DTW,JFK,1,1921,11,2042,55,35
2015,12,23,DL,SFO,LAX,JFK,32,748,18,852,12,9
2015,12,23,DL,SFO,LAX,JFK,-4,1129,9,1412,2,26
2015,12,23,DL,SFO,LAX,JFK,-4,1129,9,1317,17,10
2015,12,23,DL,SFO,LAX,JFK,69,2048,78,2311,16,20
2015,12,23,DL,SFO,LAX,JFK,23,2158,28,2311,16,20
2015,12,7,B6,SFO,LAS,JFK,33,1924,25,2158,3,19
2015,12,12,B6,SFO,BOS,JFK,10,539,-1,743,-4,-8
2015,12,27,DL,SFO,ATL,JFK,6,822,27,1022,-3,-5
2015,12,27,DL,SFO,ATL,JFK,76,1623,82,1810,30,23
2015,12,27,DL,SFO,ATL,JFK,0,1951,3,2105,20,20
2015,12,27,DL,SFO,ATL,JFK,14,536,30,829,4,10
2015,12,27,DL,SFO,ATL,JFK,1,643,21,829,4,10
2015,12,28,AA,SFO,ORD,JFK,-5,1609,121,1727,287,276
2015,12,29,AA,SFO,PHX,JFK,1,1502,-6,1637,-3,-26
2015,12,15,DL,SFO,MSP,JFK,0,537,-3,706,-4,-27
2015,12,18,AA,SFO,CLT,JFK,-3,803,-2,924,9,-3
2015,12,18,AA,SFO,CLT,JFK,9,1859,-13,2045,35,31
2015,12,18,AA,SFO,CLT,JFK,16,2122,12,2237,23,15
2015,12,18,AA,SFO,CLT,JFK,8,557,-15,740,10,-5
2015,12,20,AA,SFO,DFW,JFK,-2,1029,-16,1152,2,-19
2015,12,20,AA,SFO,DFW,JFK,-6,1521,-24,1715,20,13
2015,12,16,AA,SFO,DFW,JFK,-3,1028,-17,1150,0,-25
2015,12,16,AA,SFO,DFW,JFK,-1,1550,-10,1703,3,-17
2015,12,17,AA,SFO,MIA,JFK,3,836,-14,949,-1,-18
2015,12,17,AA,SFO,MIA,JFK,17,1451,-7,1740,46,52
2015,12,17,AA,SFO,MIA,JFK,10,2034,-8,2214,-1,-5
2015,12,17,VX,SFO,LAS,JFK,-4,2006,-4,2231,21,6
2015,12,17,AA,SFO,MIA,JFK,2,540,-8,714,4,7
2015,12,19,B6,SFO,FLL,JFK,-3,1905,19,2113,-2,1
2015,12,19,B6,SFO,LAS,JFK,-3,1842,-14,2140,5,-1
2015,12,19,B6,SFO,FLL,JFK,23,639,16,831,17,36
2015,12,20,DL,SFO,ATL,JFK,5,739,-16,1026,1,-7
2015,12,20,DL,SFO,ATL,JFK,14,1342,-6,1506,21,12
2015,12,20,DL,SFO,ATL,JFK,9,1459,-2,1758,18,8
2015,12,28,AA,SFO,CLT,JFK,35,1948,36,2217,3,0
2015,12,28,B6,SFO,LGB,JFK,6,2033,-5,2202,42,31
2015,12,28,AA,SFO,CLT,JFK,-5,556,-16,730,0,-17
2015,12,30,AA,SFO,DFW,JFK,13,1036,-9,1147,-3,-13
2015,12,30,VX,SFO,LAX,JFK,-3,806,-14,1044,4,-23
2015,12,30,VX,SFO,LAX,JFK,0,913,-7,1044,4,-23
2015,12,30,AA,SFO,DFW,JFK,-5,1514,-31,1653,-2,-19
2015,12,30,VX,SFO,LAX,JFK,0,1239,-6,1343,3,1
2015,12,30,VX,SFO,LAX,JFK,-3,1418,3,1549,-1,-14
2015,12,30,VX,SFO,LAX,JFK,38,1939,34,2151,16,6
2015,12,30,VX,SFO,LAX,JFK,26,2019,29,2151,16,6
2015,12,30,AS,SFO,SEA,JFK,-2,2135,0,2321,111,86
2015,12,30,VX,SFO,LAX,JFK,2,2059,9,2336,26,-10
2015,12,31,DL,SFO,ATL,JFK,-2,1321,-26,1445,0,-20
2015,12,31,DL,SFO,ATL,JFK,7,1442,-16,1737,-3,-16
2015,12,31,DL,SFO,ATL,JFK,-6,1607,-32,1737,-3,-16
2015,12,31,DL,SFO,ATL,JFK,-4,1915,-30,2048,3,-16
2015,12,31,DL,SFO,ATL,JFK,3,559,-21,834,9,-7
2015,12,9,AA,SFO,ORD,JFK,-7,1052,-25,1235,-5,-14
2015,12,9,AA,SFO,ORD,JFK,-6,1533,-36,1833,-2,-13
2015,12,9,AA,SFO,ORD,JFK,-2,1709,-30,1833,-2,-13
2015,12,10,AA,SFO,PHX,JFK,-5,835,-23,957,-3,-17
2015,12,10,AA,SFO,PHX,JFK,-7,1208,-2,1328,-2,8
2015,12,10,AA,SFO,PHX,JFK,-4,1520,12,1635,-5,-29
2015,12,30,DL,SFO,LAX,JFK,3,721,-9,847,7,-27
2015,12,30,DL,SFO,LAX,JFK,0,1215,55,1410,0,-36
2015,12,30,DL,SFO,LAX,JFK,72,1436,76,1635,10,-20
2015,12,30,DL,SFO,LAX,JFK,79,2042,72,2337,42,2
2015,12,10,DL,SFO,MSP,JFK,-4,513,-27,707,-3,-28
2015,12,13,AA,SFO,CLT,JFK,0,1727,42,2017,7,29
2015,12,13,AA,SFO,CLT,JFK,27,1930,18,2229,15,8
2015,12,27,DL,SFO,LAX,JFK,114,1128,113,1335,35,22
2015,12,27,DL,SFO,LAX,JFK,-4,1141,21,1335,35,22
2015,12,27,DL,SFO,LAX,JFK,-6,1312,-8,1522,72,51
2015,12,27,DL,SFO,LAX,JFK,99,2102,92,2307,12,24
2015,12,14,AA,SFO,DFW,JFK,-1,1536,-24,1709,9,16
2015,12,15,AA,SFO,MIA,JFK,2,1457,-11,1654,-1,-20
2015,12,15,AA,SFO,LAX,JFK,1,822,-10,1033,-7,-34
2015,12,15,AA,SFO,LAX,JFK,-7,1120,-18,1311,-4,-31
2015,12,15,AA,SFO,LAX,JFK,-7,1120,-18,1234,19,-3
2015,12,15,AA,SFO,LAX,JFK,-3,1537,-22,1639,-6,-26
2015,12,15,AA,SFO,LAX,JFK,-8,1942,-17,2225,-5,-43
2015,12,15,AA,SFO,LAX,JFK,-8,1942,-17,2126,-4,-8
2015,12,15,AA,SFO,LAX,JFK,-3,2047,-14,2325,-5,-18
2015,12,15,AA,SFO,LAX,JFK,-3,2047,-14,2225,-5,-43
2015,12,15,AA,SFO,LAX,JFK,-6,2143,-18,2325,-5,-18
2015,12,17,B6,SFO,FLL,JFK,5,1900,20,2115,85,61
2015,12,18,DL,SFO,ATL,JFK,-4,1315,-16,1435,-5,-31
2015,12,18,DL,SFO,ATL,JFK,3,1631,-4,1822,47,31
2015,12,18,DL,SFO,ATL,JFK,1,1919,-24,2048,3,-11
2015,12,26,B6,SFO,FLL,JFK,2,641,18,854,-6,-15
2015,12,26,B6,SFO,FLL,JFK,2,641,18,814,0,-4
2015,12,18,DL,SFO,SLC,JFK,143,2121,134,2359,19,-12
2015,12,18,B6,SFO,BOS,JFK,102,714,86,929,-1,-2
2015,12,18,B6,SFO,BOS,JFK,35,843,19,1111,36,45
2015,12,21,B6,SFO,BOS,JFK,-3,1611,-18,1842,1,-8
2015,12,21,B6,SFO,BOS,JFK,177,852,184,1033,-2,-6
2015,12,22,AA,SFO,CLT,JFK,209,1115,190,1342,33,44
2015,12,22,AA,SFO,CLT,JFK,169,1946,181,2220,6,-4
2015,12,22,AA,SFO,CLT,JFK,32,1945,33,2220,6,-4
2015,12,22,AA,SFO,CLT,JFK,19,654,42,922,7,11
2015,12,24,VX,SFO,LAX,JFK,18,847,27,1037,-3,-45
2015,12,24,VX,SFO,LAX,JFK,11,1426,11,1605,10,-15
2015,12,24,AS,SFO,SEA,JFK,-6,1953,-21,2137,7,-7
2015,12,24,VX,SFO,LAX,JFK,15,1953,8,2141,6,-8
2015,12,24,VX,SFO,LAX,JFK,61,2040,50,2141,6,-8
2015,12,29,B6,SFO,FLL,JFK,-7,1915,29,2126,11,-5
2015,12,29,B6,SFO,FLL,JFK,-7,1915,29,2204,226,206
2015,12,29,AA,SFO,ORD,JFK,-1,1733,-7,1917,42,9
2015,12,29,B6,SFO,FLL,JFK,25,653,30,854,-6,1
2015,12,29,B6,SFO,FLL,JFK,25,653,30,801,-4,-4
2015,12,30,AA,SFO,LAX,JFK,-2,749,-12,1043,3,-36
2015,12,30,AA,SFO,LAX,JFK,-2,749,-12,856,-4,-19
2015,12,30,AA,SFO,MIA,JFK,-3,1432,-26,1657,3,10
2015,12,30,AA,SFO,MIA,JFK,-8,2018,-24,2141,12,-17
2015,12,30,VX,SFO,LAS,JFK,20,2021,16,2233,23,-1
2015,12,30,AA,SFO,LAX,JFK,-5,1955,-19,2255,25,-27
2015,12,30,AA,SFO,LAX,JFK,-5,1955,-19,2151,21,4
2015,12,30,VX,SFO,LAS,JFK,-3,2116,-4,2233,23,-1
2015,12,30,AA,SFO,MIA,JFK,3,525,-23,711,1,4
2015,12,10,AA,SFO,DFW,JFK,-7,1020,-25,1150,0,-12
2015,12,10,VX,SFO,LAX,JFK,-5,812,-8,1041,1,-7
2015,12,10,VX,SFO,LAX,JFK,-7,936,16,1041,1,-7
2015,12,10,AA,SFO,DFW,JFK,-5,1557,-3,1657,-3,1
2015,12,10,VX,SFO,LAX,JFK,3,1250,5,1549,-1,-15
2015,12,10,VX,SFO,LAX,JFK,-3,1411,-4,1549,-1,-15
2015,12,10,AS,SFO,SEA,JFK,-9,1836,-4,2128,-2,-20
2015,12,10,VX,SFO,LAX,JFK,-5,2050,0,2311,1,-30
2015,12,14,B6,SFO,LAS,JFK,-6,911,1,1149,4,-21
2015,12,14,AA,SFO,ORD,JFK,26,1612,3,1843,8,21
2015,12,14,B6,SFO,FLL,JFK,13,1850,10,2057,67,67
2015,12,14,AA,SFO,ORD,JFK,-2,1718,-21,1843,8,21
2015,12,14,B6,SFO,FLL,JFK,8,710,10,823,-5,-4
2015,12,18,DL,SFO,DTW,JFK,-1,1846,-24,2053,66,55
2015,12,19,DL,SFO,SLC,JFK,13,1606,1,1722,7,-14
2015,12,22,B6,SFO,BOS,JFK,-3,1620,-9,1911,31,20
2015,12,22,B6,SFO,BOS,JFK,28,601,13,723,0,-7
2015,12,25,DL,SFO,LAX,JFK,-1,828,-2,958,78,81
2015,12,25,DL,SFO,LAX,JFK,-2,1322,-8,1611,121,90
2015,12,25,DL,SFO,LAX,JFK,68,2124,56,2246,1,-14
2015,12,4,B6,SFO,BOS,JFK,1,1651,21,1950,-2,-5
2015,12,4,B6,SFO,BOS,JFK,1,1651,21,1835,-6,-7
2015,12,4,B6,SFO,BOS,JFK,-5,543,3,738,-9,-17
2015,12,4,B6,SFO,BOS,JFK,-5,543,3,646,-4,-13
2015,12,4,B6,SFO,BOS,JFK,-9,813,-11,1057,-2,-5
2015,12,5,DL,SFO,MSP,JFK,-4,518,-20,712,2,-11
2015,12,20,DL,SFO,LAX,JFK,66,1441,81,1651,26,-2
2015,12,20,DL,SFO,LAX,JFK,128,1927,127,2142,12,7
2015,12,20,DL,SFO,LAX,JFK,166,2211,161,2356,-3,-9
2015,12,20,DL,SFO,LAX,JFK,166,2211,161,2324,29,8
2015,12,26,B6,SFO,BOS,JFK,20,611,23,732,9,6
2015,12,14,DL,SFO,ATL,JFK,0,1623,-12,1810,35,26
2015,12,14,DL,SFO,ATL,JFK,-1,1925,-18,2045,0,0
2015,12,14,DL,SFO,ATL,JFK,-9,628,6,815,5,0
2015,12,16,AA,SFO,PHX,JFK,0,1153,-17,1327,-3,-30
2015,12,16,AA,SFO,PHX,JFK,0,1452,-16,1632,-8,-33
2015,12,16,AA,SFO,PHX,JFK,-7,1949,-14,2230,0,-15
2015,12,20,DL,SFO,LAX,JFK,2,718,-12,909,29,0
2015,12,20,DL,SFO,LAX,JFK,-1,1124,4,1335,35,27
2015,12,5,VX,SFO,LAX,JFK,-5,811,-9,1036,-4,-7
2015,12,5,VX,SFO,LAX,JFK,-2,909,-11,1036,-4,-7
2015,12,5,VX,SFO,LAX,JFK,-3,1233,-12,1339,-1,2
2015,12,5,AS,SFO,SEA,JFK,-4,1835,-3,2130,0,-23
2015,12,5,AS,SFO,SEA,JFK,-16,1943,-26,2130,0,-23
2015,12,11,AA,SFO,DFW,JFK,-3,1038,-7,1154,4,3
2015,12,12,AA,SFO,MIA,JFK,-2,1459,-9,1647,-8,-16
2015,12,12,AA,SFO,LAX,JFK,-5,813,-19,1037,-3,-20
2015,12,12,AA,SFO,LAX,JFK,5,1130,-8,1411,-4,-7
2015,12,12,AA,SFO,LAX,JFK,5,1130,-8,1313,-2,-12
2015,12,12,AA,SFO,LAX,JFK,-1,1943,-16,2224,-6,-21
2015,12,12,AA,SFO,LAX,JFK,-1,1943,-16,2125,-5,4
2015,12,12,AA,SFO,LAX,JFK,-6,2033,-28,2322,-8,-15
2015,12,12,AA,SFO,LAX,JFK,-6,2033,-28,2224,-6,-21
2015,12,12,AA,SFO,LAX,JFK,17,2201,0,2322,-8,-15
2015,12,28,AA,SFO,PHX,JFK,-3,843,-15,959,-1,-16
2015,12,28,AA,SFO,PHX,JFK,-5,1154,-16,1340,10,-5
2015,12,28,AA,SFO,PHX,JFK,16,2011,8,2233,3,-15
2015,12,29,DL,SFO,LAX,JFK,10,728,-2,840,0,-20
2015,12,29,DL,SFO,LAX,JFK,-5,921,-14,1133,3,-19
2015,12,29,DL,SFO,LAX,JFK,-3,1122,2,1410,0,-15
2015,12,29,DL,SFO,LAX,JFK,-3,1122,2,1301,1,-15
2015,12,29,DL,SFO,LAX,JFK,14,1529,9,1647,22,-4
2015,12,29,DL,SFO,LAX,JFK,11,1942,12,2205,35,15
2015,12,29,DL,SFO,LAX,JFK,374,322,352,616,6,-24
2015,12,22,VX,SFO,LAX,JFK,47,1330,45,1442,62,42
2015,12,22,VX,SFO,LAX,JFK,0,1416,1,1706,76,58
2015,12,22,VX,SFO,LAX,JFK,73,2004,59,2246,71,105
2015,12,22,VX,SFO,LAX,JFK,73,2109,79,2333,23,27
2015,12,22,VX,SFO,LAX,JFK,73,2109,79,2246,71,105
2015,12,22,VX,SFO,LAX,JFK,2,2037,-13,2333,23,27
2015,12,22,VX,SFO,LAX,JFK,2,2037,-13,2246,71,105
2015,12,25,AA,SFO,MIA,JFK,5,1443,-15,1647,-7,-14
2015,12,25,AA,SFO,MIA,JFK,-2,2023,-19,2125,-4,-28
2015,12,25,VX,SFO,LAS,JFK,-3,2018,13,2202,-8,-36
2015,12,25,AA,SFO,MIA,JFK,0,538,-10,720,10,-6
2015,12,26,AA,SFO,CLT,JFK,-2,640,28,914,-1,15
2015,12,28,VX,SFO,LAX,JFK,9,824,4,1051,11,7
2015,12,28,VX,SFO,LAX,JFK,12,1254,9,1547,-3,19
2015,12,28,VX,SFO,LAX,JFK,12,1254,9,1421,41,31
2015,12,28,VX,SFO,LAX,JFK,-6,1420,5,1547,-3,19
2015,12,28,VX,SFO,LAX,JFK,18,1914,9,2153,18,9
2015,12,28,VX,SFO,LAX,JFK,-3,1936,-14,2153,18,9
2015,12,28,VX,SFO,LAX,JFK,-6,2041,-9,2322,12,7
2015,12,28,VX,SFO,LAX,JFK,-6,2041,-9,2153,18,9
2015,12,28,VX,SFO,LAX,JFK,1,2205,-5,2322,12,7
2015,12,29,DL,SFO,ATL,JFK,7,1341,-7,1453,8,-13
2015,12,29,DL,SFO,ATL,JFK,16,1517,16,1753,13,-5
2015,12,29,DL,SFO,ATL,JFK,6,1631,-9,1753,13,-5
2015,12,29,DL,SFO,ATL,JFK,1,1932,-16,2056,11,-3
2015,12,7,AA,SFO,LAX,JFK,-7,1936,-23,2225,-5,-15
2015,12,7,AA,SFO,LAX,JFK,-7,1936,-23,2124,-6,4
2015,12,7,AA,SFO,LAX,JFK,-5,2054,-7,2333,3,6
2015,12,7,AA,SFO,LAX,JFK,-5,2054,-7,2225,-5,-15
2015,12,7,VX,SFO,LAS,JFK,-3,2110,-10,2218,8,13
2015,12,9,B6,SFO,LAS,JFK,-5,845,-25,1142,-3,-12
2015,12,9,B6,SFO,FLL,JFK,-3,1828,-12,1947,-3,-20
2015,12,9,B6,SFO,FLL,JFK,-2,700,0,914,-1,-2
2015,12,13,DL,SFO,DTW,JFK,7,1858,-12,2015,28,17
2015,12,1,AA,SFO,DFW,JFK,-7,1019,-26,1236,46,63
2015,12,1,VX,SFO,LAX,JFK,13,831,11,1115,35,11
2015,12,1,AA,SFO,DFW,JFK,15,1559,-1,1721,21,21
2015,12,1,VX,SFO,LAX,JFK,-1,1242,-3,1358,18,-3
2015,12,1,VX,SFO,LAX,JFK,-4,1403,-12,1618,28,7
2015,12,1,AS,SFO,SEA,JFK,-11,1954,-15,2127,-3,-2
2015,12,1,VX,SFO,LAX,JFK,-9,2033,-17,2302,-8,-5
2015,12,5,DL,SFO,ATL,JFK,-3,1321,-12,1438,-2,-28
2015,12,5,DL,SFO,ATL,JFK,-5,1609,-25,1734,-1,-18
2015,12,5,DL,SFO,ATL,JFK,-5,1859,-21,2044,-1,-23
2015,12,5,DL,SFO,ATL,JFK,-2,612,-8,807,-3,-17
2015,12,6,AA,SFO,ORD,JFK,1,1608,-1,1833,-2,-11
2015,12,7,AA,SFO,MIA,JFK,-10,1504,-4,1700,5,2
2015,12,7,AA,SFO,LAX,JFK,-4,824,-8,1037,-3,9
2015,12,7,AA,SFO,LAX,JFK,41,1223,45,1407,-8,-3
2015,12,23,AA,SFO,CLT,JFK,-1,759,-6,943,28,27
2015,12,23,AA,SFO,CLT,JFK,-3,1903,-9,2124,74,86
2015,12,23,AA,SFO,CLT,JFK,-3,538,-34,731,1,-7
2015,12,25,AA,SFO,DFW,JFK,-4,1022,-23,1150,0,-23
2015,12,25,AA,SFO,DFW,JFK,5,1040,-20,1150,0,-23
2015,12,25,AA,SFO,DFW,JFK,-5,1528,-17,1702,7,-13
2015,12,26,AA,SFO,CLT,JFK,-8,1922,10,2106,56,53
2015,12,26,B6,SFO,LGB,JFK,-6,2024,-14,2131,11,19
2015,12,11,AA,SFO,PHX,JFK,-3,850,-8,1001,1,15
2015,12,11,AA,SFO,PHX,JFK,99,1345,95,1638,-2,-19
2015,12,11,AA,SFO,PHX,JFK,2,1515,7,1638,-2,-19
2015,12,11,AA,SFO,PHX,JFK,-6,1949,-14,2229,-1,-30
2015,12,12,DL,SFO,LAX,JFK,-2,918,-12,1133,3,-7
2015,12,3,AA,SFO,MIA,JFK,6,1516,8,1745,50,54
2015,12,3,AA,SFO,LAX,JFK,-7,812,-20,1035,-5,-18
2015,12,3,AA,SFO,LAX,JFK,-7,812,-20,945,45,34
2015,12,3,AA,SFO,LAX,JFK,-4,1133,-5,1411,-4,-9
2015,12,3,AA,SFO,LAX,JFK,-4,1133,-5,1310,-5,-10
2015,12,3,AA,SFO,LAX,JFK,111,2149,110,2329,-1,-5
2015,12,3,VX,SFO,LAS,JFK,88,2140,90,2352,102,100
2015,12,3,AA,SFO,LAX,JFK,100,2220,79,2329,-1,-5
2015,12,3,AA,SFO,LAX,JFK,26,2222,21,2329,-1,-5
2015,12,5,B6,SFO,LAS,JFK,1,855,-15,1143,-2,0
2015,12,5,AA,SFO,ORD,JFK,5,1558,-11,1828,-7,-11
2015,12,5,B6,SFO,FLL,JFK,0,1834,-6,2104,-1,-3
2015,12,5,B6,SFO,FLL,JFK,0,1834,-6,1950,0,-7
2015,12,5,AA,SFO,ORD,JFK,-2,1717,-22,1828,-7,-11
2015,12,5,B6,SFO,LAS,JFK,7,1848,-11,2148,-7,-12
2015,12,5,B6,SFO,FLL,JFK,27,719,19,911,-4,-18
2015,12,6,DL,SFO,ATL,JFK,2,1321,-10,1439,-1,-24
2015,12,6,DL,SFO,ATL,JFK,-1,1507,-10,1734,-1,-14
2015,12,6,DL,SFO,ATL,JFK,-5,1625,-10,1734,-1,-14
2015,12,6,DL,SFO,ATL,JFK,1,1936,-7,2042,-3,-29
2015,12,6,DL,SFO,ATL,JFK,31,657,35,953,-2,-12
2015,12,6,DL,SFO,ATL,JFK,31,657,35,809,-1,-17
2015,12,27,AA,SFO,PHX,JFK,-4,840,-18,1001,1,0
2015,12,27,AA,SFO,PHX,JFK,4,1218,8,1329,-1,3
2015,12,27,AA,SFO,PHX,JFK,3,1508,0,1649,9,11
2015,12,27,AA,SFO,PHX,JFK,-4,2009,6,2233,3,-12
2015,12,31,DL,SFO,LAX,JFK,-1,935,5,1159,29,-16
2015,12,31,DL,SFO,LAX,JFK,46,1206,46,1409,-1,-38
2015,12,31,DL,SFO,LAX,JFK,-9,1308,-12,1409,-1,-38
2015,12,2,AA,SFO,ORD,JFK,-3,1111,-6,1256,16,
2015,12,2,B6,SFO,LAS,JFK,-4,850,-20,1150,5,9
2015,12,2,AA,SFO,ORD,JFK,13,1633,24,1906,31,57
2015,12,2,B6,SFO,FLL,JFK,11,1850,10,2029,39,36
2015,12,2,B6,SFO,FLL,JFK,11,1850,10,2002,132,138
2015,12,2,AA,SFO,ORD,JFK,-4,1715,-24,1906,31,57
2015,12,2,B6,SFO,FLL,JFK,1,659,-1,917,2,-5
2015,12,3,AA,SFO,PHX,JFK,-10,853,-5,959,4,0
2015,12,3,AA,SFO,PHX,JFK,12,1525,17,1639,-1,-1
2015,12,3,AA,SFO,PHX,JFK,4,2005,2,2239,9,14
2015,12,19,AA,SFO,MIA,JFK,113,1025,95,1305,-5,-13
2015,12,19,AA,SFO,MIA,JFK,0,546,-2,713,3,-7
2015,12,21,AA,SFO,DFW,JFK,14,1043,-2,1159,9,1
2015,12,22,AA,SFO,MIA,JFK,-5,1445,-13,1725,31,68
2015,12,22,AA,SFO,LAX,JFK,2,849,17,1042,2,-16
2015,12,22,AA,SFO,LAX,JFK,6,2014,0,2143,13,16
2015,12,22,AA,SFO,LAX,JFK,61,2223,52,2323,-7,0
2015,12,22,AA,SFO,LAX,JFK,61,2223,52,2337,67,75
2015,12,22,AA,SFO,MIA,JFK,2,534,-14,722,12,2
2015,12,31,AA,SFO,ORD,JFK,-2,1056,-21,1253,13,4
2015,12,31,AA,SFO,ORD,JFK,-7,1700,-40,1832,-3,-35
2015,12,15,B6,SFO,BOS,JFK,-2,1626,-4,1839,-2,-8
2015,12,15,B6,SFO,BOS,JFK,0,528,-12,826,39,49
2015,12,19,AA,SFO,CLT,JFK,-1,758,-7,950,35,28
2015,12,19,AA,SFO,CLT,JFK,3,1859,-13,2011,1,
2015,12,19,AA,SFO,CLT,JFK,13,611,-1,845,75,89
2015,12,7,B6,SFO,FLL,JFK,13,725,25,915,0,-15
2015,12,8,AA,SFO,PHX,JFK,-7,840,-18,957,-3,9
2015,12,8,AA,SFO,PHX,JFK,-6,1204,-6,1340,10,27
2015,12,8,AA,SFO,PHX,JFK,-1,1501,-7,1634,-6,-6
2015,12,11,DL,SFO,DTW,JFK,2,1847,-23,1948,1,-15
2015,12,26,AA,SFO,DFW,JFK,-2,1110,25,1225,35,31
2015,12,26,AA,SFO,DFW,JFK,-2,1429,38,1652,-3,93
2015,12,26,AA,SFO,DFW,JFK,912,1437,976,1652,-3,93
2015,12,2,AA,SFO,DFW,JFK,-8,1024,-21,1153,3,
2015,12,2,VX,SFO,LAX,JFK,-8,805,-15,1046,6,7
2015,12,2,VX,SFO,LAX,JFK,-6,908,-12,1046,6,7
2015,12,2,AA,SFO,DFW,JFK,-6,1557,-3,1659,-1,17
2015,12,2,VX,SFO,LAX,JFK,-4,1410,-5,1658,68,72
2015,12,2,AS,SFO,SEA,JFK,-8,1958,-11,2138,8,-11
2015,12,2,VX,SFO,LAX,JFK,-8,2053,3,2311,1,2
2015,12,2,VX,SFO,LAX,JFK,-3,2209,-1,2311,1,2
2015,12,3,DL,SFO,ATL,JFK,0,1328,-3,1435,-5,-22
2015,12,3,DL,SFO,ATL,JFK,-3,1458,-19,1734,-1,-23
2015,12,3,DL,SFO,ATL,JFK,5,621,-1,808,-2,-25
2015,12,7,AA,SFO,ORD,JFK,1,1121,4,1259,19,19
2015,12,7,AA,SFO,ORD,JFK,0,1609,0,1826,-9,-18
2015,12,7,B6,SFO,FLL,JFK,67,2002,82,2115,5,-7
2015,12,7,AA,SFO,ORD,JFK,-6,1721,-18,1826,-9,-18
2015,12,21,AA,SFO,CLT,JFK,18,1935,23,2214,0,3
2015,12,23,AA,SFO,DFW,JFK,-2,1012,-33,1223,33,70
2015,12,23,AA,SFO,DFW,JFK,56,1453,62,1753,58,162
2015,12,23,AA,SFO,DFW,JFK,-2,1517,-28,1753,58,162
2015,12,23,AA,SFO,DFW,JFK,22,1649,14,1753,58,162
2015,12,24,AA,SFO,LAX,JFK,-4,745,-16,853,-7,-39
2015,12,24,AA,SFO,MIA,JFK,71,1540,42,1716,22,21
2015,12,24,AA,SFO,LAX,JFK,-4,1609,10,1733,48,7
2015,12,24,AA,SFO,MIA,JFK,61,626,38,850,-5,-4
2015,12,26,VX,SFO,LAX,JFK,-1,828,8,1044,4,3
2015,12,26,VX,SFO,LAX,JFK,0,935,15,1044,4,3
2015,12,26,VX,SFO,LAX,JFK,-4,1236,-9,1341,1,7
2015,12,26,VX,SFO,LAX,JFK,0,1407,-8,1551,1,20
2015,12,26,VX,SFO,LAX,JFK,0,1407,-8,1539,39,29
2015,12,26,AS,SFO,SEA,JFK,-9,1830,-10,2129,-1,-26
2015,12,26,AS,SFO,SEA,JFK,-5,1955,-20,2129,-1,-26
2015,12,26,VX,SFO,LAX,JFK,36,2157,52,2318,8,8
2015,12,14,DL,SFO,LAX,JFK,108,1012,102,1143,13,-10
2015,12,14,DL,SFO,LAX,JFK,39,948,16,1143,13,-10
2015,12,14,DL,SFO,LAX,JFK,0,1041,11,1143,13,-10
2015,12,14,DL,SFO,LAX,JFK,2,1225,0,1415,10,-4
2015,12,14,DL,SFO,LAX,JFK,0,1318,-2,1600,0,-30
2015,12,14,DL,SFO,LAX,JFK,60,1909,49,2130,0,-31
2015,12,14,DL,SFO,LAX,JFK,-3,2039,9,2254,-1,-35
2015,12,14,DL,SFO,LAX,JFK,4,2134,7,2400,1,-39
2015,12,14,DL,SFO,LAX,JFK,4,2134,7,2254,-1,-35
2015,12,18,DL,SFO,MSP,JFK,-7,523,-17,708,-2,-27
2015,12,18,DL,SFO,MSP,JFK,2,1203,-10,1435,-2,-19
2015,12,18,DL,SFO,MSP,JFK,-2,1331,-10,1435,-2,-19
2015,12,4,AA,SFO,ORD,JFK,3,1103,-14,1238,-2,2
2015,12,4,B6,SFO,LAS,JFK,-1,858,-12,1145,0,-3
2015,12,4,AA,SFO,ORD,JFK,-7,1541,-28,1828,-7,-1
2015,12,4,AA,SFO,ORD,JFK,-5,1713,-26,1828,-7,-1
2015,12,4,B6,SFO,LAS,JFK,15,1907,8,2149,-6,-5
2015,12,5,AA,SFO,PHX,JFK,-6,840,-18,952,-8,-4
2015,12,5,AA,SFO,PHX,JFK,-14,1149,-21,1327,-3,1
2015,12,5,AA,SFO,PHX,JFK,-6,1455,-13,1633,-7,-7
2015,12,15,AA,SFO,PHX,JFK,-5,834,-24,959,-1,-34
2015,12,15,AA,SFO,PHX,JFK,-1,1211,1,1326,-4,-43
2015,12,15,AA,SFO,PHX,JFK,-5,1454,-14,1639,-1,-34
2015,12,18,AA,SFO,PHX,JFK,-3,851,-7,958,-2,-6
2015,12,18,AA,SFO,PHX,JFK,0,1216,6,1329,-1,-3
2015,12,18,AA,SFO,PHX,JFK,4,1514,6,1659,19,35
2015,12,18,AA,SFO,PHX,JFK,-3,1949,-14,2236,6,-15
2015,12,19,DL,SFO,LAX,JFK,21,753,23,856,16,-17
2015,12,19,DL,SFO,LAX,JFK,-6,1121,1,1329,29,-1
2015,12,19,DL,SFO,LAX,JFK,25,1556,36,1701,36,16
2015,12,25,B6,SFO,BOS,JFK,-3,1552,-37,1847,6,-7
2015,12,25,B6,SFO,BOS,JFK,4,533,-15,722,-1,-5
2015,12,25,B6,SFO,BOS,JFK,-11,752,-32,1037,2,-3
2015,12,25,B6,SFO,BOS,JFK,-11,752,-32,926,-4,-6
2015,12,27,B6,SFO,LAS,JFK,-10,1844,-12,2135,0,6
2015,12,28,DL,SFO,ATL,JFK,11,1407,19,1512,27,8
2015,12,28,DL,SFO,ATL,JFK,1,1623,-16,1755,15,7
2015,12,28,DL,SFO,ATL,JFK,-1,8,-7,236,351,324
2015,12,28,DL,SFO,ATL,JFK,159,858,156,1023,-2,-4
2015,12,30,AA,SFO,PHX,JFK,-3,831,-27,1002,2,-27
2015,12,30,AA,SFO,PHX,JFK,-7,1145,-25,1401,31,15
2015,12,30,AA,SFO,PHX,JFK,-7,1449,-19,1721,41,4
2015,12,30,AA,SFO,PHX,JFK,48,2045,42,2258,28,-4
2015,12,24,AA,SFO,ORD,JFK,6,1340,-28,1537,177,153
2015,12,24,AA,SFO,ORD,JFK,5,1542,-27,1835,0,-17
2015,12,24,B6,SFO,FLL,JFK,50,1936,50,2209,-1,-6
2015,12,24,B6,SFO,FLL,JFK,50,1936,50,2122,7,-5
2015,12,24,B6,SFO,FLL,JFK,50,1936,50,2039,141,150
2015,12,24,AA,SFO,ORD,JFK,9,1709,-31,1835,0,-17
2015,12,24,B6,SFO,FLL,JFK,-2,623,0,859,-1,3
2015,12,24,B6,SFO,FLL,JFK,-2,623,0,800,-5,-1
2015,12,25,DL,SFO,ATL,JFK,9,1332,-15,1446,1,-14
2015,12,25,DL,SFO,ATL,JFK,9,1332,-15,1534,429,425
2015,12,25,DL,SFO,ATL,JFK,10,1503,5,1743,3,-14
2015,12,25,DL,SFO,ATL,JFK,15,1634,-5,1743,3,-14
2015,12,17,AA,SFO,CLT,JFK,-4,753,-12,915,0,0
2015,12,17,AA,SFO,CLT,JFK,-2,1900,-12,2035,25,13
2015,12,17,AA,SFO,CLT,JFK,-1,2108,-2,2213,-1,0
2015,12,17,AA,SFO,CLT,JFK,20,623,11,915,0,0
2015,12,17,AA,SFO,CLT,JFK,20,623,11,727,-3,-18
2015,12,19,VX,SFO,LAX,JFK,23,837,17,1039,-1,-41
2015,12,19,VX,SFO,LAX,JFK,9,936,16,1039,-1,-41
2015,12,19,VX,SFO,LAX,JFK,11,1254,9,1504,4,-21
2015,12,19,VX,SFO,LAX,JFK,11,1254,9,1416,36,26
2015,12,19,VX,SFO,LAX,JFK,-3,1414,-1,1605,15,9
2015,12,19,AS,SFO,SEA,JFK,-3,1839,-1,2136,6,-31
2015,12,19,AS,SFO,SEA,JFK,-7,2004,-11,2136,6,-31
2015,12,19,VX,SFO,LAX,JFK,10,2125,20,2333,23,36
2015,12,1,DL,SFO,ATL,JFK,-2,1314,-17,1447,7,-7
2015,12,1,DL,SFO,ATL,JFK,0,1500,-17,1742,7,1
2015,12,1,DL,SFO,ATL,JFK,8,1628,-7,1742,7,1
2015,12,1,DL,SFO,ATL,JFK,0,1921,-26,2044,-1,-33
2015,12,1,DL,SFO,ATL,JFK,-3,619,-3,830,20,-8
2015,12,6,AA,SFO,PHX,JFK,-4,849,-9,1009,9,12
2015,12,6,AA,SFO,PHX,JFK,18,1218,8,1329,-1,6
2015,12,6,AA,SFO,PHX,JFK,-3,1352,-5,1642,2,-1
2015,12,6,AA,SFO,PHX,JFK,8,2005,2,2229,-1,-8
2015,12,11,DL,SFO,LAX,JFK,221,1321,229,1556,-4,-36
2015,12,11,DL,SFO,LAX,JFK,17,1045,15,1209,39,6
2015,12,11,DL,SFO,LAX,JFK,2,1239,14,1357,-8,-44
2015,12,11,DL,SFO,LAX,JFK,-5,1331,11,1556,-4,-36
2015,12,11,DL,SFO,LAX,JFK,-4,2019,-11,2253,-2,-6
2015,12,11,DL,SFO,LAX,JFK,-4,2019,-11,2130,0,-27
2015,12,11,DL,SFO,LAX,JFK,17,2142,15,2253,-2,-6
2015,12,23,VX,SFO,LAX,JFK,-4,921,1,1205,85,91
2015,12,23,VX,SFO,LAX,JFK,1,1021,6,1205,85,91
2015,12,23,VX,SFO,LAX,JFK,5,1240,-5,1342,2,1
2015,12,23,VX,SFO,LAX,JFK,-2,1415,0,1635,45,57
2015,12,23,VX,SFO,LAX,JFK,36,1935,30,2207,32,13
2015,12,23,AS,SFO,SEA,JFK,1,2010,-4,2202,32,2
2015,12,23,VX,SFO,LAX,JFK,2,1957,7,2207,32,13
2015,12,23,VX,SFO,LAX,JFK,-2,2038,-12,2328,18,8
2015,12,23,VX,SFO,LAX,JFK,-2,2038,-12,2207,32,13
2015,12,24,DL,SFO,ATL,JFK,3,1345,-2,1639,114,101
2015,12,24,DL,SFO,ATL,JFK,-2,1439,-19,1639,114,101
2015,12,24,DL,SFO,ATL,JFK,66,2030,45,2203,78,60
2015,12,24,DL,SFO,ATL,JFK,82,737,77,851,26,95
2015,12,25,AA,SFO,ORD,JFK,5,1059,-18,1240,0,-20
2015,12,25,AA,SFO,ORD,JFK,-3,1540,-29,1833,-2,-15
2015,12,25,AA,SFO,ORD,JFK,-3,1657,-43,1833,-2,-15
2015,12,26,VX,SFO,LAS,JFK,10,2028,13,2205,-5,-10
2015,12,26,AA,SFO,MIA,JFK,-2,552,4,706,-4,-17
2015,12,28,B6,SFO,LAS,JFK,1,929,-4,1158,-10,-33
2015,12,28,B6,SFO,FLL,JFK,20,1911,25,2208,-2,-7
2015,12,28,B6,SFO,FLL,JFK,20,1911,25,2120,5,-7
2015,12,28,B6,SFO,LAS,JFK,-1,1848,-8,2134,-1,-11
2015,12,28,B6,SFO,FLL,JFK,4,628,5,853,-7,-19
2015,12,28,B6,SFO,FLL,JFK,4,628,5,758,-7,-7
2015,12,1,AA,SFO,ORD,JFK,7,1118,1,1410,90,88
2015,12,1,AA,SFO,ORD,JFK,17,1617,8,1846,11,24
2015,12,1,B6,SFO,FLL,JFK,-2,1850,10,2126,14,-5
2015,12,1,B6,SFO,FLL,JFK,-2,1850,10,2028,38,28
2015,12,1,AA,SFO,ORD,JFK,1,1731,-8,1846,11,24
2015,12,1,B6,SFO,FLL,JFK,6,652,-8,850,-5,-14
2015,12,2,AA,SFO,MIA,JFK,0,1447,-21,1731,36,27
2015,12,2,AA,SFO,LAX,JFK,-5,819,-13,1037,-3,1
2015,12,2,AA,SFO,LAX,JFK,-6,1124,-14,1408,-7,20
2015,12,2,AA,SFO,LAX,JFK,0,1601,2,1731,256,235
2015,12,2,AA,SFO,LAX,JFK,-6,1951,-8,2225,-5,4
2015,12,2,AA,SFO,LAX,JFK,-6,1951,-8,2120,-10,4
2015,12,2,AA,SFO,LAX,JFK,-6,2035,-26,2225,-5,4
2015,12,7,AA,SFO,PHX,JFK,3,854,-4,956,-4,2
2015,12,7,AA,SFO,PHX,JFK,-5,1207,-3,1331,1,13
2015,12,7,AA,SFO,PHX,JFK,-7,1500,-8,1639,-1,3
2015,12,12,B6,SFO,LAS,JFK,-7,850,-20,1143,-2,-24
2015,12,12,AA,SFO,ORD,JFK,-2,1544,-25,1830,-5,-18
2015,12,12,B6,SFO,FLL,JFK,-3,1837,-3,2120,15,15
2015,12,12,B6,SFO,FLL,JFK,-3,1837,-3,1949,-1,-3
2015,12,12,AA,SFO,ORD,JFK,-7,1703,-36,1830,-5,-18
2015,12,12,B6,SFO,LAS,JFK,25,1909,10,2157,2,19
2015,12,12,B6,SFO,FLL,JFK,12,721,21,946,-3,7
2015,12,13,AA,SFO,MIA,JFK,-2,1456,-12,1651,-4,-3
2015,12,13,HA,SFO,HNL,JFK,3,1333,83,1615,-5,-13
2015,12,13,AA,SFO,LAX,JFK,3,2007,8,2230,0,-26
2015,12,13,AA,SFO,LAX,JFK,3,2007,8,2125,-5,-25
2015,12,13,VX,SFO,LAS,JFK,47,2104,54,2210,0,-14
2015,12,13,AA,SFO,LAX,JFK,68,2204,63,2325,-5,-7
2015,12,13,AA,SFO,LAX,JFK,4,2222,21,2325,-5,-7
2015,12,15,B6,SFO,LAS,JFK,-7,906,-4,1152,7,-14
2015,12,16,DL,SFO,ATL,JFK,-1,1313,-18,1439,-1,-29
2015,12,16,DL,SFO,ATL,JFK,2,1509,-8,1735,0,-21
2015,12,16,DL,SFO,ATL,JFK,-1,1612,-23,1735,0,-21
2015,12,16,DL,SFO,ATL,JFK,0,1924,-19,2044,-1,-30
2015,12,16,DL,SFO,ATL,JFK,74,719,57,951,-4,-17
2015,12,21,AA,SFO,PHX,JFK,26,1533,25,1634,-6,-24
2015,12,21,AA,SFO,PHX,JFK,152,2102,140,2234,4,-17
2015,12,21,AA,SFO,PHX,JFK,32,2028,25,2234,4,-17
2015,12,22,DL,SFO,LAX,JFK,16,804,34,920,40,33
2015,12,22,DL,SFO,LAX,JFK,11,959,24,1225,55,35
2015,12,22,DL,SFO,LAX,JFK,0,1137,17,1408,68,40
2015,12,22,DL,SFO,LAX,JFK,55,1415,55,1640,15,4
2015,12,22,DL,SFO,LAX,JFK,75,2022,52,2254,-1,4
2015,12,22,DL,SFO,LAX,JFK,75,2022,52,2203,33,30
2015,12,22,DL,SFO,LAX,JFK,9,2131,1,2254,-1,4
2015,12,1,DL,SFO,SLC,JFK,-6,842,-18,948,-2,0
2015,12,1,B6,SFO,BOS,JFK,-7,1618,-12,1841,0,13
2015,12,1,B6,SFO,BOS,JFK,-3,1949,-22,2110,20,18
2015,12,1,B6,SFO,BOS,JFK,-3,532,-8,821,-9,-12
2015,12,1,B6,SFO,BOS,JFK,-3,532,-8,721,-4,27
2015,12,5,AA,SFO,CLT,JFK,-5,746,-19,917,2,-11
2015,12,5,AA,SFO,CLT,JFK,11,2105,-5,2217,3,7
2015,12,7,DL,SFO,MSP,JFK,-3,525,-15,708,-2,-6
2015,12,8,DL,SFO,LAX,JFK,-2,931,-1,1133,3,12
2015,12,8,DL,SFO,LAX,JFK,3,1022,-8,1133,3,12
2015,12,8,DL,SFO,LAX,JFK,-3,1217,-8,1404,-1,4
2015,12,8,DL,SFO,LAX,JFK,-6,1313,-7,1556,-4,12
2015,12,8,DL,SFO,LAX,JFK,-3,2030,0,2252,-3,-2
2015,12,8,DL,SFO,LAX,JFK,-3,2127,0,2252,-3,-2
2015,12,12,DL,SFO,MSP,JFK,-9,541,3,707,-3,-21
2015,12,27,VX,SFO,LAX,JFK,125,943,128,1043,3,-9
2015,12,27,VX,SFO,LAX,JFK,2,1422,7,1602,12,-1
2015,12,27,AS,SFO,SEA,JFK,0,1849,9,2138,8,-25
2015,12,27,VX,SFO,LAX,JFK,86,2008,78,2137,2,-1
2015,12,27,AS,SFO,SEA,JFK,-6,2007,-7,2138,8,-25
2015,12,8,B6,SFO,LAS,JFK,44,1944,45,2155,0,27
2015,12,8,B6,SFO,FLL,JFK,16,721,21,910,-5,-19
2015,12,9,DL,SFO,ATL,JFK,-3,1318,-13,1440,0,-16
2015,12,9,DL,SFO,ATL,JFK,0,1504,-13,1736,1,-18
2015,12,9,DL,SFO,ATL,JFK,-3,1621,-14,1736,1,-18
2015,12,9,DL,SFO,ATL,JFK,9,1931,-12,2045,0,-12
2015,12,9,DL,SFO,ATL,JFK,20,631,9,809,-1,-22
2015,12,12,DL,SFO,DTW,JFK,-6,1834,-15,1940,0,-17
2015,12,14,AA,SFO,PHX,JFK,0,859,1,1004,4,-20
2015,12,20,AA,SFO,ORD,JFK,-5,1711,-29,1835,0,-16
2015,12,21,AA,SFO,MIA,JFK,19,1504,6,1651,-3,3
2015,12,21,AA,SFO,MIA,JFK,-2,2036,-6,2141,12,-11
2015,12,21,AA,SFO,LAX,JFK,100,2151,97,2328,-2,18
2015,12,21,VX,SFO,LAS,JFK,5,2120,0,2329,79,97
2015,12,21,AA,SFO,MIA,JFK,39,642,54,853,-2,-9
2015,12,23,B6,SFO,FLL,JFK,169,2114,148,2230,75,105
2015,12,23,B6,SFO,FLL,JFK,14,625,2,855,-5,12
2015,12,23,B6,SFO,FLL,JFK,14,625,2,811,6,5
2015,12,15,VX,SFO,LAX,JFK,5,820,0,1103,23,-1
2015,12,15,VX,SFO,LAX,JFK,6,925,5,1103,23,-1
2015,12,15,AA,SFO,DFW,JFK,-2,1543,-17,1659,-1,-10
2015,12,15,AA,SFO,DFW,JFK,-2,1543,-17,1817,387,363
2015,12,15,VX,SFO,LAX,JFK,-1,1234,-11,1336,-4,-33
2015,12,15,AA,SFO,DFW,JFK,-2,1713,-15,1817,387,363
2015,12,15,VX,SFO,LAX,JFK,-6,1404,-11,1558,8,-3
2015,12,15,AS,SFO,SEA,JFK,-11,1843,3,2125,-5,-38
2015,12,15,AS,SFO,SEA,JFK,-10,2007,-7,2125,-5,-38
2015,12,15,VX,SFO,LAX,JFK,23,2021,16,2310,0,-15
2015,12,15,VX,SFO,LAX,JFK,-5,2049,-1,2310,0,-15
2015,12,20,AA,SFO,ORD,JFK,4,1555,-14,1835,0,-16
2015,12,2,AA,SFO,PHX,JFK,-6,839,-19,959,4,2
2015,12,2,AA,SFO,PHX,JFK,-7,1209,-1,1344,14,40
2015,12,2,AA,SFO,PHX,JFK,0,1456,-12,1640,0,4
2015,12,2,AA,SFO,PHX,JFK,-9,2002,-1,2234,4,-9
2015,12,3,DL,SFO,LAX,JFK,-4,855,25,1134,4,1
2015,12,3,DL,SFO,LAX,JFK,-6,930,-2,1134,4,1
2015,12,3,DL,SFO,LAX,JFK,147,2010,164,2309,14,4
2015,12,3,DL,SFO,LAX,JFK,147,2010,164,2128,-2,-13
2015,12,3,DL,SFO,LAX,JFK,90,1957,97,2128,-2,-13
2015,12,3,DL,SFO,LAX,JFK,89,2150,80,2359,0,-15
2015,12,3,DL,SFO,LAX,JFK,89,2150,80,2309,14,4
2015,12,6,DL,SFO,LAX,JFK,-1,929,-3,1139,9,-4
2015,12,6,DL,SFO,LAX,JFK,-3,1035,5,1139,9,-4
2015,12,6,DL,SFO,LAX,JFK,88,1342,77,1559,-1,-2
2015,12,6,DL,SFO,LAX,JFK,58,1420,60,1559,-1,-2
2015,12,6,DL,SFO,LAX,JFK,3,1838,18,2124,-6,7
2015,12,6,DL,SFO,LAX,JFK,43,2058,28,2353,-6,3
2015,12,6,DL,SFO,LAX,JFK,43,2058,28,2252,-3,-5
2015,12,6,DL,SFO,LAX,JFK,12,2140,13,2353,-6,3
2015,12,6,DL,SFO,LAX,JFK,12,2140,13,2252,-3,-5
2015,12,11,B6,SFO,BOS,JFK,-9,1546,-44,1840,-1,-8
2015,12,11,B6,SFO,BOS,JFK,9,525,-15,741,-6,-3
2015,12,11,B6,SFO,BOS,JFK,10,817,-7,1111,12,13
2015,12,11,B6,SFO,BOS,JFK,10,817,-7,933,-2,19
2015,12,12,AA,SFO,CLT,JFK,-5,746,-19,919,4,10
2015,12,12,AA,SFO,CLT,JFK,-7,2102,-8,2214,0,1
2015,12,20,AA,SFO,LAX,JFK,28,2032,18,2329,-1,17
2015,12,20,AA,SFO,LAX,JFK,28,2032,18,2235,5,5
2015,12,20,AA,SFO,MIA,JFK,4,540,-8,733,23,9
2015,12,22,AA,SFO,ORD,JFK,25,1607,-2,1833,-2,38
2015,12,22,B6,SFO,FLL,JFK,87,2042,116,2243,33,27
2015,12,22,AA,SFO,ORD,JFK,1,1709,-31,1833,-2,38
2015,12,22,B6,SFO,LAS,JFK,185,2152,176,2400,1,
2015,12,22,B6,SFO,FLL,JFK,193,928,185,1216,23,9
2015,12,23,DL,SFO,ATL,JFK,1,740,-15,1024,-1,-16
2015,12,23,DL,SFO,ATL,JFK,31,1509,8,1743,3,-15
2015,12,23,DL,SFO,ATL,JFK,-2,1912,-36,2144,59,129
2015,12,23,DL,SFO,ATL,JFK,41,525,19,823,-2,-13
2015,12,23,DL,SFO,ATL,JFK,-3,608,-14,823,-2,-13
2015,12,17,VX,SFO,LAX,JFK,0,822,2,1101,21,6
2015,12,17,VX,SFO,LAX,JFK,0,917,-3,1101,21,6
2015,12,17,VX,SFO,LAX,JFK,-2,1248,3,1502,82,80
2015,12,17,VX,SFO,LAX,JFK,-5,1406,-9,1550,0,-6
2015,12,17,AS,SFO,SEA,JFK,9,1848,8,2130,0,-27
2015,12,17,AS,SFO,SEA,JFK,-8,2002,-12,2130,0,-27
2015,12,17,VX,SFO,LAX,JFK,1,2103,-7,2304,-6,-17
2015,12,19,AA,SFO,ORD,JFK,21,1554,-15,1837,2,3
2015,12,19,AA,SFO,ORD,JFK,3,1709,-31,1837,2,3
2015,12,20,AA,SFO,LAX,JFK,-6,752,-9,901,1,-26
2015,12,20,AA,SFO,MIA,JFK,2,1444,-14,1652,-2,10
2015,12,1,AA,SFO,PHX,JFK,-13,826,-32,1039,44,32
2015,12,1,AA,SFO,PHX,JFK,-6,1156,-14,1450,80,61
2015,12,1,AA,SFO,PHX,JFK,-5,1502,-6,1637,-3,-25
2015,12,1,AA,SFO,PHX,JFK,-7,1956,-7,2230,0,-16
2015,12,5,DL,SFO,LAX,JFK,-4,919,-11,1127,-3,16
2015,12,5,DL,SFO,LAX,JFK,2,1330,10,1509,64,47
2015,12,23,AA,SFO,PHX,JFK,-2,849,-9,1004,4,13
2015,12,23,AA,SFO,PHX,JFK,-6,1450,-18,1648,8,19
2015,12,23,AA,SFO,PHX,JFK,2,1953,-10,2242,12,-14
2015,12,24,DL,SFO,LAX,JFK,-3,928,-2,1214,44,4
2015,12,24,DL,SFO,LAX,JFK,3,1317,-3,1452,42,15
2015,12,14,AA,SFO,DFW,JFK,-3,1020,-25,1204,14,1
2015,12,30,B6,SFO,BOS,JFK,33,551,3,725,2,-3
2015,12,3,B6,SFO,BOS,JFK,-2,1638,8,1839,-2,-13
2015,12,3,B6,SFO,BOS,JFK,77,658,78,918,-2,-3
2015,12,6,B6,SFO,BOS,JFK,4,1631,1,1851,10,-2
2015,12,6,B6,SFO,BOS,JFK,7,543,3,744,-3,-9
2015,12,6,B6,SFO,BOS,JFK,7,543,3,645,-10,-26
2015,12,23,DL,SFO,DTW,JFK,9,1902,-2,2138,128,176
2015,12,14,VX,SFO,LAX,JFK,14,820,0,1040,0,-28
2015,12,14,VX,SFO,LAX,JFK,-1,931,11,1040,0,-28
2015,12,14,VX,SFO,LAX,JFK,0,1247,2,1442,62,40
2015,12,14,VX,SFO,LAX,JFK,-6,1404,-11,1656,66,52
2015,12,14,AS,SFO,SEA,JFK,-16,1836,-4,2128,-2,-21
2015,12,14,AS,SFO,SEA,JFK,-17,2012,-2,2128,-2,-21
2015,12,14,VX,SFO,LAX,JFK,85,2130,85,2330,20,-12
2015,12,14,VX,SFO,LAX,JFK,25,2125,35,2330,20,-12
2015,12,14,VX,SFO,LAX,JFK,-4,2215,5,2330,20,-12
2015,12,15,DL,SFO,ATL,JFK,2,1323,-8,1441,1,-13
2015,12,15,DL,SFO,ATL,JFK,0,1507,-10,1733,-2,14
2015,12,15,DL,SFO,ATL,JFK,2,1624,-11,1733,-2,14
2015,12,15,DL,SFO,ATL,JFK,-2,1926,-21,2042,-3,-24
2015,12,15,DL,SFO,ATL,JFK,-3,613,-9,808,-2,-19
2015,12,20,AA,SFO,PHX,JFK,-3,845,-13,1006,6,-31
2015,12,20,AA,SFO,PHX,JFK,3,1227,17,1343,13,3
2015,12,2,DL,SFO,LAX,JFK,-5,959,24,1145,15,7
2015,12,2,DL,SFO,LAX,JFK,-2,1024,-6,1145,15,7
2015,12,2,DL,SFO,LAX,JFK,26,1258,33,1403,-2,7
2015,12,2,DL,SFO,LAX,JFK,-3,1317,-3,1559,-1,-4
2015,12,2,DL,SFO,LAX,JFK,133,1942,136,2134,4,-1
2015,12,2,DL,SFO,LAX,JFK,28,2037,7,2253,-2,-6
2015,12,27,B6,SFO,BOS,JFK,39,2035,18,2152,107,99
2015,12,27,B6,SFO,BOS,JFK,39,2035,18,2202,201,187
2015,12,27,B6,SFO,BOS,JFK,126,748,120,1027,-8,-14
2015,12,31,AA,SFO,CLT,JFK,8,744,-21,919,4,-9
2015,12,31,AA,SFO,CLT,JFK,3,1841,-31,2013,3,1
2015,12,27,B6,SFO,FLL,JFK,2,1913,27,2147,32,37
2015,12,27,B6,SFO,FLL,JFK,14,630,7,812,7,18
2015,12,28,AA,SFO,LAX,JFK,74,1915,57,2128,-2,-15
2015,12,28,VX,SFO,LAS,JFK,9,2015,10,2210,0,-17
2015,12,28,AA,SFO,LAX,JFK,-3,2011,-3,2128,-2,-15
2015,12,28,AA,SFO,LAX,JFK,10,2139,8,2326,-4,-7
2015,12,30,B6,SFO,LAS,JFK,-1,1403,-15,1543,215,179
2015,12,16,B6,SFO,BOS,JFK,-1,1614,-16,1807,-4,-3
2015,12,16,B6,SFO,BOS,JFK,21,544,4,830,43,44
2015,12,17,DL,SFO,MSP,JFK,25,556,16,734,24,26
2015,12,19,AA,SFO,DFW,JFK,2,1038,-7,1229,29,6
2015,12,19,AA,SFO,DFW,JFK,-3,1531,-14,1651,-4,32
2015,12,9,AA,SFO,PHX,JFK,-4,849,-9,956,-4,-3
2015,12,9,AA,SFO,PHX,JFK,-12,1151,-19,1329,-1,6
2015,12,9,AA,SFO,PHX,JFK,-7,1454,-14,1650,10,13
2015,12,9,AA,SFO,PHX,JFK,-7,1950,-13,2232,2,-1
2015,12,10,DL,SFO,LAX,JFK,2,1011,39,1136,6,-13
2015,12,10,DL,SFO,LAX,JFK,131,1328,178,1605,5,-24
2015,12,10,DL,SFO,LAX,JFK,39,1404,44,1605,5,-24
2015,12,10,DL,SFO,LAX,JFK,2,2136,9,2256,1,-16
2015,12,1,AA,SFO,MIA,JFK,-3,1454,-14,1655,0,13
2015,12,1,AA,SFO,LAX,JFK,-8,826,-6,1048,8,-11
2015,12,1,AA,SFO,LAX,JFK,-5,1135,-3,1431,16,10
2015,12,1,AA,SFO,LAX,JFK,-5,1135,-3,1333,18,2
2015,12,1,AA,SFO,LAX,JFK,-5,1953,-6,2122,-8,6
2015,12,1,AA,SFO,LAX,JFK,-6,2051,-10,2325,-5,29
2015,12,1,AA,SFO,LAX,JFK,-6,2051,-10,2302,32,32
2015,12,1,AA,SFO,LAX,JFK,-6,2137,-24,2325,-5,29
2015,12,1,AA,SFO,LAX,JFK,-6,2137,-24,2302,32,32
2015,12,3,B6,SFO,LAS,JFK,-5,858,-12,1143,-2,3
2015,12,3,B6,SFO,LAS,JFK,98,2026,87,2212,17,25
2015,12,4,DL,SFO,ATL,JFK,-3,1318,-13,1506,26,2
2015,12,4,DL,SFO,ATL,JFK,0,1507,-10,1744,9,-20
2015,12,4,DL,SFO,ATL,JFK,-1,1613,-22,1744,9,-20
2015,12,4,DL,SFO,ATL,JFK,0,1924,-19,2044,-1,-25
2015,12,4,DL,SFO,ATL,JFK,16,631,9,808,-2,-30
2015,12,27,DL,SFO,MSP,JFK,-2,1753,-17,2034,69,57
2015,12,30,AA,SFO,CLT,JFK,-5,806,1,942,27,24
2015,12,30,AA,SFO,CLT,JFK,7,1859,-13,2027,17,12
2015,12,30,AA,SFO,CLT,JFK,-1,535,-37,729,-1,-5
2015,12,2,B6,SFO,BOS,JFK,-7,1615,-15,1900,50,65
2015,12,2,B6,SFO,BOS,JFK,-7,1615,-15,1841,242,252
2015,12,2,B6,SFO,BOS,JFK,28,615,35,912,2,7
2015,12,2,B6,SFO,BOS,JFK,28,615,35,732,7,15
2015,12,3,AA,SFO,CLT,JFK,6,818,13,923,8,-10
2015,12,3,AA,SFO,CLT,JFK,80,2043,91,2216,2,-9
2015,12,3,B6,SFO,LGB,JFK,202,1904,194,2131,6,10
2015,12,3,AA,SFO,CLT,JFK,0,611,-1,729,-1,-27
2015,12,5,AA,SFO,DFW,JFK,-7,1043,-2,1209,19,9
2015,12,5,AA,SFO,DFW,JFK,-7,1533,-27,1657,-3,6
2015,12,8,AA,SFO,DFW,JFK,-8,1042,-3,1150,0,15
2015,12,8,AA,SFO,DFW,JFK,0,1543,-17,1656,-4,-15
2015,12,9,AA,SFO,CLT,JFK,2,1909,-3,2208,-6,-9
2015,12,9,AA,SFO,CLT,JFK,-8,2104,-6,2208,-6,-9
2015,12,9,AA,SFO,CLT,JFK,0,548,-24,723,-7,-21
2015,12,11,VX,SFO,LAX,JFK,0,814,-6,1036,-4,-53
2015,12,11,VX,SFO,LAX,JFK,-5,908,-12,1036,-4,-53
2015,12,11,VX,SFO,LAX,JFK,-4,1252,7,1547,-3,-20
2015,12,11,VX,SFO,LAX,JFK,-4,1252,7,1429,49,12
2015,12,11,VX,SFO,LAX,JFK,-1,1425,10,1547,-3,-20
2015,12,11,AS,SFO,SEA,JFK,-12,1829,-11,2129,-1,-46
2015,12,11,AS,SFO,SEA,JFK,-2,2023,9,2129,-1,-46
2015,12,11,VX,SFO,LAX,JFK,30,2025,20,2310,0,-16
2015,12,11,VX,SFO,LAX,JFK,-4,2035,-15,2310,0,-16
2015,12,11,VX,SFO,LAX,JFK,-1,2204,-6,2310,0,-16
2015,12,12,DL,SFO,ATL,JFK,-2,1323,-10,1443,3,2
2015,12,12,DL,SFO,ATL,JFK,0,1623,-11,1732,-3,-25
2015,12,12,DL,SFO,ATL,JFK,-3,1907,-13,2045,0,-19
2015,12,12,DL,SFO,ATL,JFK,-8,639,19,807,-3,5
2015,12,16,AA,SFO,CLT,JFK,23,1927,15,2213,-1,-8
2015,12,16,AA,SFO,CLT,JFK,10,2108,-2,2213,-1,-8
2015,12,16,B6,SFO,LGB,JFK,1,2033,-1,2133,8,15
2015,12,16,AA,SFO,CLT,JFK,-4,545,-27,729,-1,-15
2015,12,18,AA,SFO,DFW,JFK,-4,1038,-7,1216,26,-1
2015,12,18,VX,SFO,LAX,JFK,7,842,22,1048,8,-10
2015,12,18,VX,SFO,LAX,JFK,146,1603,143,1741,111,102
2015,12,18,AS,SFO,SEA,JFK,9,1837,-3,2133,3,-45
2015,12,19,DL,SFO,ATL,JFK,176,1017,142,1240,5,-12
2015,12,19,DL,SFO,ATL,JFK,10,1338,-10,1520,35,26
2015,12,19,AA,SFO,LAX,JFK,-2,819,-13,1102,22,-5
2015,12,19,AA,SFO,LAX,JFK,-8,2016,2,2149,19,16
2015,12,19,DL,SFO,ATL,JFK,-2,614,-8,825,0,1
2015,12,9,DL,SFO,LAX,JFK,0,935,0,1210,40,32
2015,12,9,DL,SFO,LAX,JFK,11,1037,7,1210,40,32
2015,12,9,DL,SFO,LAX,JFK,23,1252,27,1356,-9,-8
2015,12,9,DL,SFO,LAX,JFK,8,1328,8,1559,-1,4
2015,12,9,DL,SFO,LAX,JFK,25,2048,18,2322,27,16
2015,12,21,VX,SFO,LAX,JFK,-3,817,-3,1048,8,-3
2015,12,21,VX,SFO,LAX,JFK,0,934,14,1048,8,-3
2015,12,21,VX,SFO,LAX,JFK,-1,1419,4,1543,-7,-5
2015,12,22,DL,SFO,ATL,JFK,6,1400,12,1508,23,24
2015,12,22,DL,SFO,ATL,JFK,3,1640,0,1802,22,6
2015,12,22,DL,SFO,ATL,JFK,12,1957,9,2059,14,16
2015,12,22,DL,SFO,ATL,JFK,-5,622,0,828,3,-9
2015,12,23,AA,SFO,ORD,JFK,-1,1114,-3,1258,18,28
2015,12,23,AA,SFO,ORD,JFK,9,1605,-4,1843,8,108
2015,12,24,AA,SFO,PHX,JFK,-2,855,-3,955,-5,-36
2015,12,24,AA,SFO,PHX,JFK,0,1148,-22,1347,17,3
2015,12,24,AA,SFO,PHX,JFK,7,1458,-10,1650,10,-20
2015,12,24,AA,SFO,PHX,JFK,10,1955,-8,2234,4,-27
2015,12,26,B6,SFO,LAS,JFK,-1,932,-1,1219,11,10
2015,12,26,B6,SFO,FLL,JFK,1,1851,5,2127,12,12
2015,12,26,B6,SFO,FLL,JFK,1,1851,5,1959,22,21
2015,12,26,B6,SFO,LAS,JFK,2,1905,9,2133,-2,0
2015,12,7,AS,SFO,SEA,JFK,11,1851,11,2136,6,-45
2015,12,7,AS,SFO,SEA,JFK,-8,2004,-10,2136,6,-45
2015,12,7,VX,SFO,LAX,JFK,-5,2049,-1,2305,-5,1
2015,12,7,VX,SFO,LAX,JFK,-1,2204,-6,2305,-5,1
2015,12,8,DL,SFO,ATL,JFK,0,1334,3,1449,9,-19
2015,12,8,DL,SFO,ATL,JFK,-3,1518,1,1736,1,11
2015,12,8,DL,SFO,ATL,JFK,-2,1629,-6,1736,1,11
2015,12,8,DL,SFO,ATL,JFK,-1,1941,-6,2104,19,1
2015,12,8,DL,SFO,ATL,JFK,-3,637,15,811,1,-10
2015,12,13,AA,SFO,PHX,JFK,118,1053,115,1325,-5,-14
2015,12,13,AA,SFO,PHX,JFK,-3,1345,-12,1635,-5,-16
2015,12,13,AA,SFO,PHX,JFK,70,1935,53,2229,-1,-15
2015,12,13,AA,SFO,PHX,JFK,22,2005,2,2229,-1,-15
2015,12,17,DL,SFO,LAX,JFK,-3,847,17,1146,16,4
2015,12,17,DL,SFO,LAX,JFK,-3,948,16,1146,16,4
2015,12,17,DL,SFO,LAX,JFK,5,1044,14,1146,16,4
2015,12,17,DL,SFO,LAX,JFK,-1,1215,-10,1358,-7,-17
2015,12,17,DL,SFO,LAX,JFK,-1,1325,5,1557,-3,-11
2015,12,17,DL,SFO,LAX,JFK,-5,2017,-13,2130,0,-7
2015,12,17,DL,SFO,LAX,JFK,20,2210,43,2400,1,20
2015,12,17,DL,SFO,LAX,JFK,20,2210,43,2320,25,40
2015,12,20,B6,SFO,BOS,JFK,-1,1623,-6,1917,36,39
2015,12,20,B6,SFO,BOS,JFK,76,646,58,811,48,39
2015,12,23,B6,SFO,BOS,JFK,101,2204,107,2320,195,204
2015,12,23,B6,SFO,BOS,JFK,101,2204,107,2306,265,260
2015,12,23,B6,SFO,BOS,JFK,37,559,11,718,-5,-8
2015,12,24,AA,SFO,CLT,JFK,-1,550,-22,750,20,31
2015,12,7,AA,SFO,DFW,JFK,-6,1034,-11,1152,2,-1
2015,12,7,VX,SFO,LAX,JFK,-3,818,-2,1037,-3,7
2015,12,7,VX,SFO,LAX,JFK,10,930,10,1037,-3,7
2015,12,7,AA,SFO,DFW,JFK,0,1556,-4,1656,-4,3
2015,12,7,VX,SFO,LAX,JFK,68,1342,57,1546,-4,12
2015,12,7,VX,SFO,LAX,JFK,-3,1413,-2,1546,-4,12
2015,12,28,AA,SFO,MIA,JFK,98,1017,87,1309,-1,-2
2015,12,28,AA,SFO,MIA,JFK,-1,1442,-16,1649,-5,-18
2015,12,28,AA,SFO,MIA,JFK,-3,2037,-5,2138,9,9
2015,12,28,AA,SFO,MIA,JFK,130,748,120,908,13,-5
2015,12,30,B6,SFO,FLL,JFK,27,1908,22,2125,10,-5
2015,12,30,B6,SFO,FLL,JFK,27,1908,22,2014,37,30
2015,12,30,AA,SFO,ORD,JFK,6,1723,-17,2010,95,69
2015,12,30,B6,SFO,FLL,JFK,475,1407,464,1629,11,-9
2015,12,30,B6,SFO,FLL,JFK,475,1407,464,1512,2,-22
2015,12,31,AA,SFO,PHX,JFK,-6,841,-17,1058,58,3
2015,12,31,AA,SFO,PHX,JFK,-4,1208,-2,1408,38,-5
2015,12,31,AA,SFO,PHX,JFK,-3,1503,-5,1641,1,-41
2015,12,7,DL,SFO,LAX,JFK,-2,2026,-4,2251,-4,-10
2015,12,7,DL,SFO,LAX,JFK,-2,2026,-4,2319,109,108
2015,12,7,DL,SFO,LAX,JFK,-5,2122,-5,2251,-4,-10
2015,12,7,DL,SFO,LAX,JFK,-5,2122,-5,2319,109,108
2015,12,8,B6,SFO,BOS,JFK,-9,1618,-12,1832,-9,-5
2015,12,8,B6,SFO,BOS,JFK,-6,523,-17,745,-2,-12
2015,12,8,B6,SFO,BOS,JFK,-6,523,-17,644,-3,0
2015,12,14,DL,SFO,MSP,JFK,23,604,24,706,-4,0
2015,12,28,DL,SFO,DTW,JFK,-4,2121,19,2307,217,201
2015,12,7,DL,SFO,LAX,JFK,39,959,27,1134,4,18
2015,12,7,DL,SFO,LAX,JFK,-2,1219,-6,1354,-11,-9
2015,12,7,DL,SFO,LAX,JFK,18,1336,16,1549,-11,-4
2015,12,20,DL,SFO,ATL,JFK,68,603,57,835,10,-6
2015,12,20,DL,SFO,ATL,JFK,14,620,-2,835,10,-6
2015,12,25,AA,SFO,PHX,JFK,-3,840,-18,1008,8,-20
2015,12,25,AA,SFO,PHX,JFK,12,1209,-1,1349,19,-19
2015,12,25,AA,SFO,PHX,JFK,3,1458,-10,1629,-11,-45
2015,12,25,AA,SFO,PHX,JFK,-3,2002,-1,2246,16,-21
2015,12,29,DL,SFO,SLC,JFK,295,2240,281,2347,2,-11
2015,12,29,B6,SFO,BOS,JFK,141,800,132,1011,168,214
2015,12,8,DL,SFO,MSP,JFK,-6,520,-20,707,-3,-7
2015,12,11,DL,SFO,MSP,JFK,7,540,0,707,-3,-15
2015,12,11,DL,SFO,MSP,JFK,178,1447,154,1730,-9,-37
2015,12,14,AA,SFO,CLT,JFK,-5,747,-18,915,0,5
2015,12,2,AA,SFO,CLT,JFK,-7,744,-21,913,-2,-14
2015,12,2,AA,SFO,CLT,JFK,-5,1857,-15,2018,8,17
2015,12,2,AA,SFO,CLT,JFK,12,2114,4,2227,13,2
2015,12,2,AA,SFO,CLT,JFK,-3,559,-13,727,-3,-20
2015,12,4,AA,SFO,DFW,JFK,-4,1025,-20,1150,0,-20
2015,12,4,VX,SFO,LAX,JFK,0,822,2,1044,4,-17
2015,12,4,VX,SFO,LAX,JFK,-2,928,8,1044,4,-17
2015,12,4,AA,SFO,DFW,JFK,-4,1540,-20,1659,-1,-2
2015,12,4,VX,SFO,LAX,JFK,-4,1415,0,1548,-2,14
2015,12,4,AS,SFO,SEA,JFK,-5,1842,4,2121,-9,-16
2015,12,4,AS,SFO,SEA,JFK,-15,1959,-10,2121,-9,-16
2015,12,4,VX,SFO,LAX,JFK,-4,2050,0,2308,-2,1
2015,12,4,VX,SFO,LAX,JFK,-7,2206,-4,2308,-2,1
2015,12,5,AA,SFO,MIA,JFK,43,929,39,1048,113,97
2015,12,5,AA,SFO,MIA,JFK,-7,1456,-12,1716,21,24
2015,12,5,AA,SFO,LAX,JFK,-6,815,-17,1034,-6,-11
2015,12,5,AA,SFO,LAX,JFK,-4,1123,-15,1419,4,14
2015,12,5,AA,SFO,LAX,JFK,-4,1123,-15,1310,-5,-2
2015,12,5,AA,SFO,LAX,JFK,-9,1930,-29,2125,-5,-9
2015,12,5,AA,SFO,LAX,JFK,-10,2045,-16,2320,-10,-13
2015,12,5,AA,SFO,LAX,JFK,-10,2045,-16,2243,13,8
2015,12,5,VX,SFO,LAS,JFK,-5,2105,-15,2209,-1,-6
2015,12,5,AA,SFO,LAX,JFK,-3,2142,-19,2320,-10,-13
2015,12,5,AA,SFO,LAX,JFK,-3,2142,-19,2243,13,8
2015,12,28,AA,SFO,DFW,JFK,0,1028,-17,1316,86,78
2015,12,28,AA,SFO,DFW,JFK,6,1210,-10,1316,86,78
2015,12,28,AA,SFO,DFW,JFK,1145,1607,1143,1715,20,16
2015,12,29,AA,SFO,LAX,JFK,-3,739,-22,857,-3,-33
2015,12,29,AA,SFO,MIA,JFK,-2,1528,30,1656,2,-8
2015,12,29,AA,SFO,MIA,JFK,-5,2054,12,2334,125,95
2015,12,29,AA,SFO,LAX,JFK,-4,1557,-2,1722,42,18
2015,12,29,VX,SFO,LAS,JFK,8,2009,4,2223,13,-9
2015,12,29,AA,SFO,LAX,JFK,96,2153,99,2325,-5,2
2015,12,29,VX,SFO,LAS,JFK,-2,2107,-13,2223,13,-9
2015,12,29,AA,SFO,LAX,JFK,-1,2205,34,2325,-5,2
2015,12,29,AA,SFO,MIA,JFK,-2,532,-16,747,37,33
2015,12,31,B6,SFO,LAS,JFK,-8,918,-15,1208,0,-37
2015,12,31,B6,SFO,FLL,JFK,-4,1829,-17,2121,6,0
2015,12,31,B6,SFO,FLL,JFK,-4,1829,-17,2034,57,49
2015,12,31,B6,SFO,LAS,JFK,12,1854,-2,2130,-5,-35
2015,12,31,B6,SFO,FLL,JFK,-11,621,-2,858,-2,-12
2015,12,31,B6,SFO,FLL,JFK,-11,621,-2,820,15,0
2015,12,31,VX,SFO,LAX,JFK,6,823,3,1039,-1,-38
2015,12,31,VX,SFO,LAX,JFK,-4,1235,-10,1338,-2,-31
2015,12,31,VX,SFO,LAX,JFK,29,1712,22,1815,145,122
2015,12,31,AS,SFO,SEA,JFK,88,2000,80,2122,-8,-30
2015,12,7,AA,SFO,CLT,JFK,-10,751,-14,918,3,-7
2015,12,7,AA,SFO,CLT,JFK,-11,608,-4,800,30,41
2015,12,9,AA,SFO,DFW,JFK,-7,1028,-17,1154,4,-4
2015,12,9,AA,SFO,DFW,JFK,-2,1545,-15,1656,-4,-12
2015,12,10,AA,SFO,MIA,JFK,539,1744,534,2014,0,-7
2015,12,10,AA,SFO,MIA,JFK,0,1514,6,1650,-5,1
2015,12,10,AA,SFO,LAX,JFK,-4,1151,13,1408,-7,-22
2015,12,10,AA,SFO,LAX,JFK,-4,1151,13,1318,3,-7
2015,12,10,AA,SFO,LAX,JFK,25,2021,22,2310,40,35
2015,12,10,AA,SFO,LAX,JFK,25,2021,22,2134,4,-15
2015,12,10,VX,SFO,LAS,JFK,-3,2010,0,2216,6,-8
2015,12,10,AA,SFO,LAX,JFK,2,2100,-1,2323,-7,22
2015,12,10,AA,SFO,LAX,JFK,2,2100,-1,2310,40,35
2015,12,10,AA,SFO,LAX,JFK,-3,2209,8,2323,-7,22
2015,12,10,AA,SFO,LAX,JFK,-3,2209,8,2310,40,35
2015,12,13,DL,SFO,ATL,JFK,5,1335,4,1435,-5,-33
2015,12,13,DL,SFO,ATL,JFK,2,1515,-2,1731,-4,-26
2015,12,13,DL,SFO,ATL,JFK,-1,610,-12,845,35,15
2015,12,9,VX,SFO,LAX,JFK,6,819,-1,1039,-1,-20
2015,12,9,VX,SFO,LAX,JFK,-5,920,0,1039,-1,-20
2015,12,9,VX,SFO,LAX,JFK,-7,1405,-10,1542,-8,-6
2015,12,9,AS,SFO,SEA,JFK,16,2024,9,2135,5,-26
2015,12,9,VX,SFO,LAX,JFK,6,2012,7,2311,1,-8
2015,12,9,VX,SFO,LAX,JFK,-7,2038,-12,2311,1,-8
2015,12,10,DL,SFO,ATL,JFK,-2,1317,-14,1452,12,-6
2015,12,10,DL,SFO,ATL,JFK,-1,1500,-17,1752,17,20
2015,12,10,DL,SFO,ATL,JFK,5,1622,-13,1752,17,20
2015,12,10,DL,SFO,ATL,JFK,19,1935,-8,2041,-4,-19
2015,12,10,DL,SFO,ATL,JFK,74,718,56,953,-2,3
2015,12,11,AA,SFO,ORD,JFK,0,1049,-28,1238,-2,-14
2015,12,11,AA,SFO,ORD,JFK,0,1551,-18,1846,11,-14
2015,12,12,AA,SFO,PHX,JFK,2,850,-8,1010,10,-22
2015,12,12,AA,SFO,PHX,JFK,-8,1155,-15,1327,-3,-43
2015,12,12,AA,SFO,PHX,JFK,-5,1500,-8,1634,-6,-22
2015,12,14,AA,SFO,ORD,JFK,-6,1109,-8,1248,8,35
2015,12,1,DL,SFO,MSP,JFK,-1,536,-4,710,0,-18
2015,12,4,AA,SFO,CLT,JFK,0,808,3,911,-4,-14
2015,12,4,AA,SFO,CLT,JFK,-4,1901,-11,2008,-2,29
2015,12,6,AA,SFO,DFW,JFK,-7,1024,-21,1146,-4,-20
2015,12,6,AA,SFO,DFW,JFK,-3,1549,-11,1656,-4,-8
2015,12,31,AA,SFO,MIA,JFK,-2,1446,-12,1652,-2,-5
2015,12,31,AA,SFO,MIA,JFK,-7,524,-24,703,-7,-20
2015,12,8,AA,SFO,ORD,JFK,-6,1116,-1,1236,-4,-6
2015,12,8,AA,SFO,ORD,JFK,3,1608,-1,1831,-4,-20
2015,12,8,AA,SFO,ORD,JFK,-7,1719,-20,1831,-4,-20
2015,12,9,AA,SFO,MIA,JFK,-6,1456,-12,1709,14,-12
2015,12,9,AA,SFO,LAX,JFK,44,931,59,1208,-7,-25
2015,12,9,AA,SFO,LAX,JFK,44,931,59,1114,34,23
2015,12,9,AA,SFO,LAX,JFK,-1,1148,10,1407,-8,-18
2015,12,9,AA,SFO,LAX,JFK,-1,1148,10,1313,-2,-10
2015,12,9,AA,SFO,LAX,JFK,30,2023,24,2227,-3,-22
2015,12,9,AA,SFO,LAX,JFK,30,2023,24,2125,-5,4
2015,12,9,AA,SFO,LAX,JFK,14,2218,17,2348,18,29
2015,12,11,B6,SFO,FLL,JFK,-1,1833,-7,2052,-13,-4
2015,12,11,B6,SFO,FLL,JFK,-1,1833,-7,1945,-5,2
2015,12,11,B6,SFO,LAS,JFK,75,2009,70,2220,25,3
2015,12,21,DL,SFO,LAX,JFK,-2,713,-17,840,0,-34
2015,12,21,DL,SFO,LAX,JFK,241,1319,224,1525,75,54
2015,12,21,DL,SFO,LAX,JFK,-3,1118,-2,1341,41,19
2015,12,21,DL,SFO,LAX,JFK,103,1520,120,1653,28,3
2015,12,21,DL,SFO,LAX,JFK,183,2036,196,2312,17,16
2015,12,21,DL,SFO,LAX,JFK,183,2036,196,2136,6,9
2015,12,21,DL,SFO,LAX,JFK,113,2149,139,2312,17,16
2015,12,25,AA,SFO,CLT,JFK,-1,731,-34,918,3,-4
2015,12,25,AA,SFO,CLT,JFK,-1,1454,-9,1559,95,87
2015,12,25,DL,SFO,MSP,JFK,11,1423,-4,1603,8,3
2015,12,25,AA,SFO,CLT,JFK,-2,1850,-22,2009,-1,-5
2015,12,25,AA,SFO,CLT,JFK,10,2112,2,2251,37,27
2015,12,25,AA,SFO,CLT,JFK,-2,625,13,918,3,-4
2015,12,25,AA,SFO,CLT,JFK,-2,625,13,757,27,12
2015,12,18,DL,SFO,LAX,JFK,-1,935,0,1210,40,15
2015,12,18,DL,SFO,LAX,JFK,5,1125,55,1414,9,-13
2015,12,18,DL,SFO,LAX,JFK,74,1342,77,1634,34,8
2015,12,18,DL,SFO,LAX,JFK,91,1504,104,1634,34,8
2015,12,18,DL,SFO,LAX,JFK,127,1934,128,2146,16,-7
2015,12,18,DL,SFO,LAX,JFK,81,1953,93,2146,16,-7
2015,12,19,B6,SFO,BOS,JFK,51,609,21,719,-4,-17
2015,12,1,AA,SFO,CLT,JFK,-2,810,5,914,-1,-7
2015,12,1,AA,SFO,CLT,JFK,-8,1912,0,2015,5,32
2015,12,1,AA,SFO,CLT,JFK,-2,602,-10,725,-5,-11
2015,12,3,AA,SFO,DFW,JFK,8,1052,7,1243,53,50
2015,12,3,VX,SFO,LAX,JFK,-5,819,-1,1039,-1,-15
2015,12,3,AS,SFO,SEA,JFK,35,1904,26,2127,-3,-8
2015,12,3,VX,SFO,LAX,JFK,27,2026,21,2308,-2,-7
2015,12,6,VX,SFO,LAX,JFK,-6,915,-5,1040,0,5
2015,12,6,VX,SFO,LAX,JFK,52,1331,46,1600,10,21
2015,12,6,VX,SFO,LAX,JFK,11,1417,2,1600,10,21
2015,12,6,AS,SFO,SEA,JFK,58,1940,60,2136,6,-15
2015,12,6,AS,SFO,SEA,JFK,18,2035,21,2136,6,-15
2015,12,6,VX,SFO,LAX,JFK,17,2027,22,2313,3,6
2015,12,6,VX,SFO,LAX,JFK,17,2143,53,2313,3,6
2015,12,14,B6,SFO,BOS,JFK,-8,1604,-26,1754,195,194
2015,12,14,B6,SFO,BOS,JFK,13,2024,13,2242,62,67
2015,12,14,B6,SFO,BOS,JFK,13,2024,13,2159,68,69
2015,12,14,B6,SFO,BOS,JFK,13,2024,13,2156,124,133
2015,12,14,B6,SFO,BOS,JFK,-1,533,-7,746,-1,2
2015,12,15,AA,SFO,CLT,JFK,-3,803,-2,913,-2,7
2015,12,15,AA,SFO,CLT,JFK,-4,1858,-14,2017,7,-1
2015,12,15,AA,SFO,CLT,JFK,-3,559,-13,726,-4,-23
2015,12,17,AA,SFO,DFW,JFK,-1,1047,2,1148,-2,-27
2015,12,17,AA,SFO,DFW,JFK,-2,1528,-17,1712,17,-3
2015,12,20,VX,SFO,LAX,JFK,4,927,7,1048,8,-13
2015,12,20,VX,SFO,LAX,JFK,24,1324,39,1610,20,2
2015,12,20,VX,SFO,LAX,JFK,42,1455,40,1610,20,2
2015,12,20,VX,SFO,LAX,JFK,35,1913,23,2140,5,-2
2015,12,20,VX,SFO,LAX,JFK,78,2056,66,2338,28,14
2015,12,20,VX,SFO,LAX,JFK,34,2211,61,2338,28,14
2015,12,23,AA,SFO,MIA,JFK,7,1517,19,1751,57,73
2015,12,23,AA,SFO,MIA,JFK,-4,2015,-27,2219,50,61
2015,12,23,AA,SFO,LAX,JFK,-1,1831,13,2124,-6,-11
2015,12,23,VX,SFO,LAS,JFK,8,2014,9,2214,4,14
2015,12,23,AA,SFO,LAX,JFK,32,2029,15,2325,-5,-4
2015,12,23,AA,SFO,LAX,JFK,32,2029,15,2241,11,-8
2015,12,23,AA,SFO,LAX,JFK,6,2143,12,2325,-5,-4
2015,12,23,AA,SFO,MIA,JFK,12,534,-14,712,2,-9
2015,12,25,B6,SFO,FLL,JFK,-2,1842,-4,2106,-9,-17
2015,12,25,B6,SFO,FLL,JFK,-3,624,1,812,-2,-15
2015,12,26,DL,SFO,ATL,JFK,-5,745,-10,1014,14,9
2015,12,26,AA,SFO,LAX,JFK,-6,748,-13,855,-5,2
2015,12,26,DL,SFO,ATL,JFK,36,1552,51,1739,-1,-6
2015,12,26,DL,SFO,ATL,JFK,0,1952,4,2053,8,-9
2015,12,29,DL,SFO,DTW,JFK,3,1853,-11,2114,104,91
2015,12,2,DL,SFO,ATL,JFK,-2,1319,-12,1439,-1,-22
2015,12,2,DL,SFO,ATL,JFK,-1,1619,-16,1845,70,90
2015,12,2,DL,SFO,ATL,JFK,1,1927,-16,2117,32,20
2015,12,2,DL,SFO,ATL,JFK,-2,611,-11,809,-1,-20
2015,12,4,AA,SFO,PHX,JFK,-8,842,-16,955,0,24
2015,12,4,AA,SFO,PHX,JFK,17,1221,11,1326,-4,-11
2015,12,4,AA,SFO,PHX,JFK,-7,1504,-4,1633,-7,4
2015,12,4,AA,SFO,PHX,JFK,-5,1958,-5,2226,-4,-5
2015,12,24,DL,SFO,SLC,JFK,9,1606,0,1711,-4,-7
2015,12,24,B6,SFO,BOS,JFK,26,527,-21,719,-4,-4
2015,12,26,DL,SFO,LAX,JFK,5,719,-11,847,7,12
2015,12,26,DL,SFO,LAX,JFK,-5,1108,-12,1329,29,34
2015,12,26,DL,SFO,LAX,JFK,16,1335,15,1625,0,-8
2015,12,16,AA,SFO,ORD,JFK,2,1104,-13,1236,-4,-21
2015,12,16,B6,SFO,LAS,JFK,4,915,5,1139,-6,-30
2015,12,16,AA,SFO,ORD,JFK,-2,1549,-20,1827,-8,-23
2015,12,16,B6,SFO,FLL,JFK,121,2029,109,2144,39,35
2015,12,16,AA,SFO,ORD,JFK,-2,1706,-33,1827,-8,-23
2015,12,16,B6,SFO,FLL,JFK,0,707,7,857,29,28
2015,12,17,AA,SFO,PHX,JFK,-3,841,-17,956,-4,2
2015,12,17,AA,SFO,PHX,JFK,-2,1207,-3,1451,81,52
2015,12,17,AA,SFO,PHX,JFK,4,1505,-3,1716,36,36
2015,12,17,AA,SFO,PHX,JFK,-1,1953,-10,2232,2,-7
2015,12,3,DL,SFO,MSP,JFK,-5,533,-7,705,-5,-7
2015,12,6,AA,SFO,CLT,JFK,16,1917,5,2209,-5,-4
2015,12,24,AA,SFO,DFW,JFK,1,1029,-16,1147,-3,-10
2015,12,24,AA,SFO,DFW,JFK,18,1551,6,1714,19,8
2015,12,14,AA,SFO,PHX,JFK,-5,1218,8,1403,33,78
2015,12,15,DL,SFO,LAX,JFK,5,918,-14,1135,5,-19
2015,12,15,DL,SFO,LAX,JFK,-2,1023,-7,1135,5,-19
2015,12,15,DL,SFO,LAX,JFK,-3,1236,11,1400,-5,-34
2015,12,15,DL,SFO,LAX,JFK,-2,1315,-5,1554,-6,-23
2015,12,15,DL,SFO,LAX,JFK,-5,2009,-21,2255,0,-28
2015,12,15,DL,SFO,LAX,JFK,-5,2009,-21,2129,-1,-9
2015,12,15,DL,SFO,LAX,JFK,-2,2117,-10,2255,0,-28
2015,12,6,AA,SFO,MIA,JFK,3,1456,-12,1656,1,6
2015,12,6,AA,SFO,LAX,JFK,77,935,63,1210,-5,-7
2015,12,6,AA,SFO,LAX,JFK,45,2038,39,2324,-6,5
2015,12,6,AA,SFO,LAX,JFK,45,2038,39,2223,-7,10
2015,12,6,VX,SFO,LAS,JFK,25,2042,32,2306,56,50
2015,12,6,AA,SFO,LAX,JFK,-2,2119,18,2324,-6,5
2015,12,6,AA,SFO,LAX,JFK,-2,2119,18,2223,-7,10
2015,12,6,AA,SFO,LAX,JFK,21,2200,-1,2324,-6,5
2015,12,20,AA,SFO,CLT,JFK,0,1906,-6,2010,0,13
2015,12,20,AA,SFO,CLT,JFK,20,2134,24,2349,95,79
2015,12,20,AA,SFO,CLT,JFK,26,636,24,923,8,9
2015,12,22,AA,SFO,DFW,JFK,-5,1529,-16,1719,24,14
2015,12,25,VX,SFO,LAX,JFK,3,818,-2,1040,0,-35
2015,12,25,VX,SFO,LAX,JFK,-2,905,-15,1040,0,-35
2015,12,25,VX,SFO,LAX,JFK,-1,1422,7,1552,2,-20
2015,12,25,VX,SFO,LAX,JFK,25,1917,12,2132,-3,-33
2015,12,25,VX,SFO,LAX,JFK,-1,1936,-14,2132,-3,-33
2015,12,25,VX,SFO,LAX,JFK,-5,2055,5,2310,0,-11
2015,12,25,VX,SFO,LAX,JFK,6,2206,-4,2310,0,-11
2015,12,7,DL,SFO,ATL,JFK,12,638,16,810,0,-17
2015,12,13,DL,SFO,LAX,JFK,-3,956,24,1147,17,5
2015,12,13,DL,SFO,LAX,JFK,13,1111,41,1402,-3,-21
2015,12,13,DL,SFO,LAX,JFK,22,1244,19,1402,-3,-21
2015,12,13,DL,SFO,LAX,JFK,78,1448,88,1636,36,10
2015,12,13,DL,SFO,LAX,JFK,94,1911,105,2144,14,-6
2015,12,13,DL,SFO,LAX,JFK,22,1928,68,2144,14,-6
2015,12,13,DL,SFO,LAX,JFK,91,2253,86,2359,0,-9
2015,12,21,AA,SFO,ORD,JFK,0,1108,-9,1242,2,-9
2015,12,21,AA,SFO,ORD,JFK,18,1742,2,1858,23,21
2015,12,22,AA,SFO,PHX,JFK,-1,846,-12,1030,30,61
2015,12,22,AA,SFO,PHX,JFK,17,1228,18,1401,31,39
2015,12,22,AA,SFO,PHX,JFK,30,1525,17,1637,-3,-7
2015,12,22,AA,SFO,PHX,JFK,86,2110,67,2233,3,8
2015,12,25,DL,SFO,DTW,JFK,-5,1340,-38,1530,0,-4
2015,12,20,AA,SFO,CLT,JFK,1,759,-6,923,8,9
2015,12,3,AA,SFO,ORD,JFK,-2,1110,-7,1239,-1,28
2015,12,3,AA,SFO,ORD,JFK,4,1618,9,1900,25,14
2015,12,3,B6,SFO,FLL,JFK,55,742,42,908,-7,-21
2015,12,4,AA,SFO,MIA,JFK,-1,1448,-20,1713,18,11
2015,12,4,AA,SFO,LAX,JFK,-1,833,1,958,58,56
2015,12,4,AA,SFO,LAX,JFK,-4,1125,-13,1409,-6,-13
2015,12,4,AA,SFO,LAX,JFK,-4,1125,-13,1243,28,10
2015,12,4,AA,SFO,LAX,JFK,-2,1950,-9,2247,17,4
2015,12,4,AA,SFO,LAX,JFK,-2,1950,-9,2124,-6,13
2015,12,4,VX,SFO,LAS,JFK,12,2021,11,2202,-8,3
2015,12,4,AA,SFO,LAX,JFK,2,2056,-5,2326,-4,-9
2015,12,4,AA,SFO,LAX,JFK,2,2056,-5,2247,17,4
2015,12,4,AA,SFO,LAX,JFK,-5,2152,-9,2326,-4,-9
2015,12,6,B6,SFO,LAS,JFK,24,923,13,1147,2,-5
2015,12,6,B6,SFO,FLL,JFK,72,1951,71,2105,0,-15
2015,12,6,B6,SFO,LAS,JFK,62,1945,46,2153,-2,-11
2015,12,6,B6,SFO,FLL,JFK,91,825,85,1115,15,2
2015,12,7,DL,SFO,ATL,JFK,-1,1328,-3,1442,2,-19
2015,12,7,DL,SFO,ATL,JFK,0,1507,-10,1735,0,-13
2015,12,7,DL,SFO,ATL,JFK,-1,1622,-13,1735,0,-13
2015,12,7,DL,SFO,ATL,JFK,-4,1929,-14,2044,-1,-22
2015,12,14,AA,SFO,CLT,JFK,0,1859,-13,2019,9,27
2015,12,14,AA,SFO,CLT,JFK,-5,557,-15,744,14,13
2015,12,16,VX,SFO,LAX,JFK,1,822,2,1039,-1,-23
2015,12,16,VX,SFO,LAX,JFK,4,928,8,1039,-1,-23
2015,12,16,VX,SFO,LAX,JFK,-4,1235,-10,1342,2,-24
2015,12,16,VX,SFO,LAX,JFK,-3,1408,-7,1606,16,3
2015,12,16,AS,SFO,SEA,JFK,-4,2001,-14,2144,14,4
2015,12,16,VX,SFO,LAX,JFK,-4,2104,14,2312,2,-12
2015,12,16,VX,SFO,LAX,JFK,-5,2206,-4,2312,2,-12
2015,12,17,DL,SFO,ATL,JFK,2,1316,-15,1438,-2,-9
2015,12,17,AA,SFO,LAX,JFK,5,834,2,1110,30,28
2015,12,17,DL,SFO,ATL,JFK,1,1617,-18,1827,52,44
2015,12,17,DL,SFO,ATL,JFK,-2,1928,-15,2142,57,23
2015,12,17,AA,SFO,LAX,JFK,-3,1548,-11,1740,55,36
2015,12,17,AA,SFO,LAX,JFK,-5,2010,-4,2230,0,-14
2015,12,17,AA,SFO,LAX,JFK,-5,2010,-4,2127,-3,-4
2015,12,17,AA,SFO,LAX,JFK,-3,2127,-4,2329,-1,11
2015,12,17,AA,SFO,LAX,JFK,-3,2127,-4,2230,0,-14
2015,12,17,DL,SFO,ATL,JFK,20,634,12,815,5,-8
2015,12,4,DL,SFO,LAX,JFK,47,1012,40,1128,-2,-9
2015,12,4,DL,SFO,LAX,JFK,-5,1021,-9,1128,-2,-9
2015,12,4,DL,SFO,LAX,JFK,-2,1216,-9,1438,33,1
2015,12,4,DL,SFO,LAX,JFK,-1,1312,-8,1553,-7,-22
2015,12,4,DL,SFO,LAX,JFK,-1,1312,-8,1438,33,1
2015,12,4,DL,SFO,LAX,JFK,19,1832,12,2125,-5,16
2015,12,4,DL,SFO,LAX,JFK,10,2033,3,2248,-7,-8
2015,12,4,DL,SFO,LAX,JFK,2,2114,-13,2350,-9,-9
2015,12,4,DL,SFO,LAX,JFK,2,2114,-13,2248,-7,-8
2015,12,4,DL,SFO,LAX,JFK,16,2239,9,2350,-9,-9
2015,12,5,B6,SFO,BOS,JFK,-5,534,-6,830,-7,-17
2015,12,5,B6,SFO,BOS,JFK,-5,534,-6,737,-10,-14
2015,12,17,AA,SFO,ORD,JFK,1,1602,-7,1740,300,290
2015,12,17,AA,SFO,ORD,JFK,0,1745,5,2000,85,69
2015,12,18,AA,SFO,MIA,JFK,2,1452,-6,1748,54,31
2015,12,18,AA,SFO,MIA,JFK,1,2104,22,2307,98,60
2015,12,18,AA,SFO,LAX,JFK,12,2019,5,2228,-2,-20
2015,12,18,AA,SFO,LAX,JFK,12,2019,5,2130,0,-11
2015,12,18,AA,SFO,MIA,JFK,89,710,82,848,-7,-36
2015,12,20,B6,SFO,LAS,JFK,3,940,7,1235,27,12
2015,12,20,B6,SFO,FLL,JFK,159,2130,164,2257,102,105
2015,12,20,B6,SFO,LAS,JFK,88,2024,88,2150,15,16
2015,12,20,B6,SFO,FLL,JFK,178,930,187,1153,0,-3
2015,12,21,DL,SFO,ATL,JFK,6,1341,-7,1445,0,-28
2015,12,21,DL,SFO,ATL,JFK,-2,1442,-19,1740,0,-14
2015,12,21,DL,SFO,ATL,JFK,8,1628,-12,1740,0,-14
2015,12,21,DL,SFO,ATL,JFK,156,752,166,1021,-4,-13
2015,12,21,DL,SFO,ATL,JFK,57,711,49,825,0,-18
2015,12,24,DL,SFO,DTW,JFK,10,1353,-24,1526,-4,-16
2015,12,26,AA,SFO,PHX,JFK,-7,1202,-8,1325,-5,16
2015,12,26,AA,SFO,PHX,JFK,-2,1449,-14,1652,12,14
2015,12,26,AA,SFO,PHX,JFK,-3,1943,-20,2232,2,-8
2015,12,9,B6,SFO,BOS,JFK,7,1627,-3,1810,-1,4
2015,12,9,B6,SFO,BOS,JFK,34,610,30,755,8,0
2015,12,10,AA,SFO,CLT,JFK,-8,729,-36,923,8,6
2015,12,10,AA,SFO,CLT,JFK,0,1916,4,2212,-2,-5
2015,12,10,AA,SFO,CLT,JFK,19,2103,-7,2212,-2,-5
2015,12,10,AA,SFO,CLT,JFK,0,553,-19,726,-4,-13
2015,12,12,AA,SFO,DFW,JFK,-7,1039,-6,1154,4,-19
2015,12,12,VX,SFO,LAX,JFK,-3,817,-3,1041,1,-30
2015,12,12,VX,SFO,LAX,JFK,-4,900,-20,1041,1,-30
2015,12,12,AA,SFO,DFW,JFK,-5,1550,-10,1704,4,-8
2015,12,12,VX,SFO,LAX,JFK,-6,1229,-16,1352,12,-11
2015,12,12,AS,SFO,SEA,JFK,-5,2003,-12,2140,10,-30
